sample,time_minutes,outlet_flow,outlet_temperature,hx_position,bypass_position,inlet_temp,inlet_pressure,cv.flow,cv.temperature
0,0.0,60,64,50,50,40,5,60,64
1,0.08333333333333333,59.99999999998437,64.00000000000685,50.000000000147686,49.99999999978613,40,5,59.99999999998437,64.00000000000685
2,0.16666666666666666,59.999999999963634,64.00000000001886,50.0000000002847,49.99999999960142,40,5,59.999999999963634,64.00000000001886
3,0.25,59.99999999994341,64.0000000000346,50.00000000041059,49.99999999944315,40,5,59.99999999994341,64.0000000000346
4,0.3333333333333333,59.99999999992639,64.00000000005295,50.00000000052554,49.99999999930806,40,5,59.99999999992639,64.00000000005295
5,0.4166666666666667,59.999999999913584,64.00000000007294,50.000000000629754,49.9999999991933,40,5,59.999999999913584,64.00000000007294
6,0.5,59.99999999990504,64.00000000009385,50.00000000072369,49.99999999909611,40,5,59.99999999990504,64.00000000009385
7,0.5833333333333334,59.99999999990039,64.00000000011505,50.000000000807475,49.99999999901454,40,5,59.99999999990039,64.00000000011505
8,0.6666666666666666,59.999999999899,64.0000000001361,50.00000000088179,49.999999998946315,40,5,59.999999999899,64.0000000001361
9,0.75,59.999999999900226,64.00000000015665,50.00000000094756,49.99999999888929,40,5,59.999999999900226,64.00000000015665
10,0.8333333333333334,59.99999999990344,64.00000000017643,50.00000000100492,49.99999999884241,40,5,59.99999999990344,64.00000000017643
11,0.9166666666666666,59.9999999999081,64.00000000019524,50.00000000105502,49.99999999880377,40,5,59.9999999999081,64.00000000019524
12,1.0,59.99999999991373,64.00000000021296,50.000000001098314,49.999999998772374,40,5,59.99999999991373,64.00000000021296
13,1.0833333333333333,59.99999999991995,64.00000000022953,50.00000000113566,49.99999999874692,40,5,59.99999999991995,64.00000000022953
14,1.1666666666666667,59.99999999992648,64.0000000002449,50.000000001167436,49.99999999872681,40,5,59.99999999992648,64.0000000002449
15,1.25,59.99999999993308,64.00000000025905,50.000000001194465,49.99999999871093,40,5,59.99999999993308,64.00000000025905
16,1.3333333333333333,59.999999999939575,64.00000000027201,50.000000001217174,49.99999999869879,40,5,59.999999999939575,64.00000000027201
17,1.4166666666666667,59.999999999945835,64.0000000002838,50.00000000123604,49.99999999868977,40,5,59.999999999945835,64.0000000002838
18,1.5,59.99999999995178,64.00000000029448,50.00000000125159,49.9999999986833,40,5,59.99999999995178,64.00000000029448
19,1.5833333333333333,59.99999999995734,64.0000000003041,50.0000000012643,49.9999999986789,40,5,59.99999999995734,64.0000000003041
20,1.6666666666666667,59.99999999996249,64.00000000031271,50.00000000127441,49.99999999867631,40,5,59.99999999996249,64.00000000031271
21,1.75,59.999999999967216,64.0000000003204,50.0000000012824,49.99999999867511,40,5,59.999999999967216,64.0000000003204
22,1.8333333333333333,59.99999999997152,64.00000000032722,50.00000000128885,49.9999999986747,40,5,59.99999999997152,64.00000000032722
23,1.9166666666666667,59.999999999975394,64.00000000033326,50.00000000129379,49.999999998675165,40,5,59.999999999975394,64.00000000033326
24,2.0,59.99999999997888,64.00000000033857,50.00000000129745,49.9999999986763,40,5,59.99999999997888,64.00000000033857
25,2.0833333333333335,59.999999999981995,64.00000000034323,50.00000000129996,49.99999999867802,40,5,59.999999999981995,64.00000000034323
26,2.1666666666666665,59.99999999998475,64.0000000003473,50.000000001301544,49.999999998680124,40,5,59.99999999998475,64.0000000003473
27,2.25,59.99999999998718,64.00000000035082,50.00000000130232,49.999999998682576,40,5,59.99999999998718,64.00000000035082
28,2.3333333333333335,59.99999999998931,64.00000000035385,50.00000000130265,49.999999998685006,40,5,59.99999999998931,64.00000000035385
29,2.4166666666666665,59.99999999999117,64.00000000035647,50.000000001302666,49.999999998687386,40,5,59.99999999999117,64.00000000035647
30,2.5,59.99999999999277,64.0000000003587,50.00000000130216,49.9999999986899,40,5,59.99999999999277,64.0000000003587
31,2.5833333333333335,59.9551153136847,63.81344030053213,50.54705400612401,49.261131998096786,37,5,59.9551153136847,63.81344030053213
32,2.6666666666666665,59.89130435332042,63.67159314939895,51.06534998915685,48.58326602519678,37,5,59.89130435332042,63.67159314939895
33,2.75,59.82382634035375,63.56706879003202,51.553762255304726,47.96615195241571,37,5,59.82382634035375,63.56706879003202
34,2.8333333333333335,59.7611943783992,63.49341618456584,52.01154167174518,47.40800818476769,37,5,59.7611943783992,63.49341618456584
35,2.9166666666666665,59.70772145699544,63.445047130452444,52.43838141992674,46.90607115591667,37,5,59.70772145699544,63.445047130452444
36,3.0,59.66515332029935,63.417156271475555,52.834406619134356,46.45697762648486,37,5,59.66515332029935,63.417156271475555
37,3.0833333333333335,59.63371030009904,63.40564078340505,53.2001264680077,46.057033054034484,37,5,59.63371030009904,63.40564078340505
38,3.1666666666666665,59.61274756114404,63.407022354284244,53.536371250038066,45.702400895756064,37,5,59.61274756114404,63.407022354284244
39,3.25,59.601169590860295,63.4183731962685,53.844226588817556,45.389235995948184,37,5,59.601169590860295,63.4183731962685
40,3.3333333333333335,59.59768681372524,63.43724716239966,54.12497138308162,45.11377772515885,37,5,59.59768681372524,63.43724716239966
41,3.4166666666666665,59.60097107345881,63.461616550774735,54.38002238419057,44.872413708625835,37,5,59.60097107345881,63.461616550774735
42,3.5,59.60974656607764,63.48981482202195,54.61088642983026,44.66172182171617,37,5,59.60974656607764,63.48981482202195
43,3.5833333333333335,59.622839786783814,63.52048520307542,54.81912030641489,44.47849602187501,37,5,59.622839786783814,63.52048520307542
44,3.6666666666666665,59.63920366136465,63.552534976481695,55.00629770027628,44.319760145449656,37,5,59.63920366136465,63.552534976481695
45,3.75,59.65792562996964,63.585095140609134,55.17398248378539,44.1827727847616,37,5,59.65792562996964,63.585095140609134
46,3.8333333333333335,59.67822597380317,63.61748505708704,55.32370752975133,44.065025627752256,37,5,59.67822597380317,63.61748505708704
47,3.9166666666666665,59.699450435212306,63.649181665838896,55.45695827602766,43.964237097214976,37,5,59.699450435212306,63.649181665838896
48,4.0,59.72105973545503,63.67979283609722,55.57516032737363,43.87834271119633,37,5,59.72105973545503,63.67979283609722
49,4.083333333333333,59.74261765746053,63.709034426783106,55.67967045912195,43.805483263744435,37,5,59.74261765746053,63.709034426783106
50,4.166666666666667,59.76377875096486,63.73671064622972,55.77177046490929,43.74399167172083,37,5,59.76377875096486,63.73671064622972
51,4.25,59.78427631818941,63.762697325344774,55.852663363093484,43.692379132630954,37,5,59.78427631818941,63.762697325344774
52,4.333333333333333,59.80391107550207,63.786927746881666,55.92347154154407,43.6493210789176,37,5,59.80391107550207,63.786927746881666
53,4.416666666666667,59.8225407128705,63.809380704259546,55.98523647800844,43.61364328753473,37,5,59.8225407128705,63.809380704259546
54,4.5,59.8400704580264,63.83007049470348,56.03891972377612,43.584308403460696,37,5,59.8400704580264,63.83007049470348
55,4.583333333333333,59.85644467654849,63.84903858221651,56.085404882684166,43.560403057079654,37,5,59.85644467654849,63.84903858221651
56,4.666666666666667,59.87163948981641,63.866346695269726,56.1255003564283,43.541125693993834,37,5,59.87163948981641,63.866346695269726
57,4.75,59.88565636160803,63.88207115161311,56.15994266139204,43.52577518848885,37,5,59.88565636160803,63.88207115161311
58,4.833333333333333,59.89851658539584,63.89629822798897,56.189400152361955,43.513740275835374,37,5,59.89851658539584,63.89629822798897
59,4.916666666666667,59.91025659432207,63.909120415648154,56.214477015061924,43.50448981159936,37,5,59.91025659432207,63.909120415648154
60,5.0,59.92092401173881,63.92063342341483,56.23571741279459,43.49756384630633,37,5,59.92092401173881,63.92063342341483
61,5.083333333333333,59.930574360210876,63.930933808682475,56.25360969296656,43.492565489627566,37,5,59.930574360210876,63.930933808682475
62,5.166666666666667,59.93926834964782,63.94011713326751,56.2685905771638,43.48915352850129,37,5,59.93926834964782,63.94011713326751
63,5.25,59.94706966978049,63.94827655564223,56.281049273989616,43.48703575725967,37,5,59.94706966978049,63.94827655564223
64,5.333333333333333,59.95404321781645,63.95550178387748,56.29133146729847,43.48596297410277,37,5,59.95404321781645,63.95550178387748
65,5.416666666666667,59.96025369828146,63.961878324814236,56.299743143962004,43.48572359650253,37,5,59.96025369828146,63.961878324814236
66,5.5,59.96576453841048,63.96748697471671,56.306554235082565,43.486138847822936,37,5,59.96576453841048,63.96748697471671
67,5.583333333333333,59.970637068729886,63.97240350509612,56.31200205280114,43.487058468217285,37,5,59.970637068729886,63.97240350509612
68,5.666666666666667,59.97492992449507,63.97669850468219,56.316294511710026,43.488356904387196,37,5,59.97492992449507,63.97669850468219
69,5.75,59.97869862929734,63.98043734479504,56.31961312952649,43.48992993483446,37,5,59.97869862929734,63.98043734479504
70,5.833333333333333,59.98199532736423,63.98368024075875,56.3221158062674,43.491691689614555,37,5,59.98199532736423,63.98368024075875
71,5.916666666666667,59.98486863581266,63.98648238661097,56.32393938482177,43.49357202617395,37,5,59.98486863581266,63.98648238661097
72,6.0,59.98736359236765,63.98889414430139,56.32520199867914,43.49551422551392,37,5,59.98736359236765,63.98889414430139
73,6.083333333333333,59.98952167783955,63.99096127192414,56.32600521474208,43.49747297560486,37,5,59.98952167783955,63.99096127192414
74,6.166666666666667,59.99138089598264,63.992725178374755,56.32643598074987,43.49941261160536,37,5,59.99138089598264,63.992725178374755
75,6.25,59.99297589626599,63.99422319422909,56.326568387945,43.501305584995116,37,5,59.99297589626599,63.99422319422909
76,6.333333333333333,59.99433812760917,63.99548885067148,56.326465260318315,43.50313113617369,37,5,59.99433812760917,63.99548885067148
77,6.416666666666667,59.995496013305626,63.996552160004136,56.32617958214174,43.504874147389714,37,5,59.995496013305626,63.996552160004136
78,6.5,59.9964751392127,63.99743989269618,56.3257557755974,43.50652415504715,37,5,59.9964751392127,63.99743989269618
79,6.583333333333333,59.99729844886349,63.99817584711824,56.32523084020326,43.50807450246577,37,5,59.99729844886349,63.99817584711824
80,6.666666666666667,59.9979864404868,63.9987811090926,56.32463536545805,43.50952161606353,37,5,59.9979864404868,63.9987811090926
81,6.75,59.998557362036934,63.9992742991989,56.32399442772279,43.510864389675184,37,5,59.998557362036934,63.9992742991989
82,6.833333333333333,59.99902740126471,63.99967180643781,56.32332838185975,43.51210366332791,37,5,59.99902740126471,63.99967180643781
83,6.916666666666667,59.999410868629624,63.9999880073924,56.32265355758699,43.51324178426822,37,5,59.999410868629624,63.9999880073924
84,7.0,59.99972037148393,64.0002354704582,56.32198286990248,43.51428223937925,37,5,59.99972037148393,64.0002354704582
85,7.083333333333333,59.999966978472564,64.00042514505537,56.321326352307864,43.51522934934801,37,5,59.999966978472564,64.00042514505537
86,7.166666666666667,60.0001603735069,64.000566536004,56.32069162092173,43.51608801606027,37,5,60.0001603735069,64.000566536004
87,7.25,60.00030899899951,64.0006678634484,56.3200842769509,43.51686351569341,37,5,60.00030899899951,64.0006678634484
88,7.333333333333333,60.00042018830688,64.00073620886992,56.319508254365175,43.51756133089381,37,5,60.00042018830688,64.00073620886992
89,7.416666666666667,60.0005002875272,64.00077764783832,56.31896611903423,43.518187016227806,37,5,60.0005002875272,64.00077764783832
90,7.5,60.00055476695219,64.00079737022655,56.318459325010025,43.51874609183455,37,5,60.00055476695219,64.00079737022655
91,7.583333333333333,60.00058832258388,64.00079978866158,56.31798843310862,43.51924396085094,37,5,60.00058832258388,64.00079978866158
92,7.666666666666667,60.00060496820589,64.00078863600673,56.31755329643327,43.51968584676721,37,5,60.00060496820589,64.00078863600673
93,7.75,60.0006081185512,64.00076705267733,56.31715321701521,43.52007674738033,37,5,60.0006081185512,64.00076705267733
94,7.833333333333333,60.00060066413937,64.00073766458213,56.31678707730678,43.52042140247626,37,5,60.00060066413937,64.00073766458213
95,7.916666666666667,60.00058503837018,64.00070265246322,56.316453449861456,43.520724272770124,37,5,60.00058503837018,64.00070265246322
96,8.0,60.00056327746105,64.00066381337908,56.3161506881638,43.5209895279929,37,5,60.00056327746105,64.00066381337908
97,8.083333333333334,60.0005370738062,64.00062261504097,56.31587700123619,43.52122104232159,37,5,60.0005370738062,64.00062261504097
98,8.166666666666666,60.0005078233181,64.00058024367472,56.31563051433909,43.52142239562819,37,5,60.0005078233181,64.00058024367472
99,8.25,60.000476667288495,64.00053764603906,56.31540931780744,43.52159687925527,37,5,60.000476667288495,64.00053764603906
100,8.333333333333334,60.00044452927936,64.00049556618902,56.3152115058108,43.52174750523862,37,5,60.00044452927936,64.00049556618902
101,8.416666666666666,60.000412147524585,64.00045457753068,56.315035206601344,43.52187701807489,37,5,60.000412147524585,64.00045457753068
102,8.5,60.00038010329162,64.000415110671,56.31487860561281,43.52198790828601,37,5,60.00038010329162,64.000415110671
103,8.583333333333334,60.000348845620934,64.00037747752526,56.314739962590345,43.52208242716949,37,5,60.000348845620934,64.00037747752526
104,8.666666666666666,60.000318712829014,64.00034189210469,56.31461762377456,43.52216260223364,37,5,60.000318712829014,64.00034189210469
105,8.75,60.00028995112959,64.00030848836921,56.31451003001828,43.52223025291776,37,5,60.00028995112959,64.00030848836921
106,8.833333333333334,60.00026273069746,64.00027733549385,56.31441572159058,43.52228700627855,37,5,60.00026273069746,64.00027733549385
107,8.916666666666666,60.000237159470416,64.0002484508636,56.314333340311705,43.5223343123945,37,5,60.000237159470416,64.0002484508636
108,9.0,60.000213294957305,64.00022181108014,56.314261629566964,43.52237345929744,37,5,60.000213294957305,64.00022181108014
109,9.083333333333334,60.00019115429415,64.00019736123424,56.31419943265982,43.522405587293164,37,5,60.00019115429415,64.00019736123424
110,9.166666666666666,60.000170722766455,64.00017502267065,56.31414568989472,43.52243170256876,37,5,60.000170722766455,64.00017502267065
111,9.25,60.042705654243065,64.1800359106371,55.78149377140529,44.26636064669519,40,5,60.042705654243065,64.1800359106371
112,9.333333333333334,60.10236243882606,64.31883235076876,55.26852123680295,44.94880672284528,40,5,60.10236243882606,64.31883235076876
113,9.416666666666666,60.16433950570535,64.42300326199734,54.77791785805013,45.57030879474,40,5,60.16433950570535,64.42300326199734
114,9.5,60.22057428325175,64.49818622392219,54.31214160258923,46.13285948222801,40,5,60.22057428325175,64.49818622392219
115,9.583333333333334,60.26719599072625,64.54929129450058,53.873169171730304,46.63934507454125,40,5,60.26719599072625,64.54929129450058
116,9.666666666666666,60.30287046888749,64.58057521293637,53.462394312855636,47.09316743033052,40,5,60.30287046888749,64.58057521293637
117,9.75,60.327734910646704,64.59571227865904,53.08061565525854,47.49798934528485,40,5,60.327734910646704,64.59571227865904
118,9.833333333333334,60.34272132949024,64.59786012979518,52.72807612865304,47.857563681622835,40,5,60.34272132949024,64.59786012979518
119,9.916666666666666,60.3491349405611,64.58971976859267,52.40452950601447,48.17561938052975,40,5,60.3491349405611,64.58971976859267
120,10.0,60.34839855879602,64.57358980346075,52.10931854823082,48.45578619417492,40,5,60.34839855879602,64.57358980346075
121,10.083333333333334,60.34190410213081,64.55141519512341,51.84145513627028,48.701545876155315,40,5,60.34190410213081,64.55141519512341
122,10.166666666666666,60.330932291819025,64.52483093339792,51.599696668482146,48.91620155308967,40,5,60.330932291819025,64.52483093339792
123,10.25,60.31661497722508,64.4952011098533,51.382615548879485,49.102859680604304,40,5,60.31661497722508,64.4952011098533
124,10.333333333333334,60.29992338939744,64.4636538381597,51.18866024407098,49.26442078523662,40,5,60.29992338939744,64.4636538381597
125,10.416666666666666,60.28167152361435,64.43111243684737,51.01620743968075,49.40357639716104,40,5,60.28167152361435,64.43111243684737
126,10.5,60.262527754190955,64.39832324462259,50.863605480193925,49.522810382605556,40,5,60.262527754190955,64.39832324462259
127,10.583333333333334,60.243030356695456,64.36588039483698,50.729209662247214,49.624403421762715,40,5,60.243030356695456,64.36588039483698
128,10.666666666666666,60.223604296395735,64.33424783705723,50.61141015989184,49.71043973737742,40,5,60.223604296395735,64.33424783705723
129,10.75,60.20457773403675,64.3037788611618,50.508653451904635,49.78281542106004,40,5,60.20457773403675,64.3037788611618
130,10.833333333333334,60.186197399742625,64.27473335280638,50.41945813697638,49.84324786896042,40,5,60.186197399742625,64.27473335280638
131,10.916666666666666,60.168642426070086,64.24729298760039,50.34242599075301,49.89328595241075,40,5,60.168642426070086,64.24729298760039
132,11.0,60.15203650107452,64.22157455385339,50.27624905848292,49.93432063013787,40,5,60.15203650107452,64.22157455385339
133,11.083333333333334,60.13645836117553,64.19764157924658,50.219713501583406,49.967595768143035,40,5,60.13645836117553,64.19764157924658
134,11.166666666666666,60.1219507312523,64.17551442436992,50.171700834646835,49.99421897878286,40,5,60.1219507312523,64.17551442436992
135,11.25,60.1085278620516,64.15517899503794,50.13118710715344,50.01517232668018,40,5,60.1085278620516,64.15517899503794
136,11.333333333333334,60.09618182998484,64.13659421514737,50.09724050520003,50.031322778820545,40,5,60.09618182998484,64.13659421514737
137,11.416666666666666,60.084887763052706,64.11969839221969,50.06901777518969,50.043432301355864,40,5,60.084887763052706,64.11969839221969
138,11.5,60.074608146271615,64.10441459847357,50.04575980487239,50.05216752736098,40,5,60.074608146271615,64.10441459847357
139,11.583333333333334,60.06529634521158,64.09065518118557,50.02678663790908,50.05810893871176,40,5,60.06529634521158,64.09065518118557
140,11.666666666666666,60.05689946993908,64.07832550718975,50.0114921462586,50.06175952178336,40,5,60.05689946993908,64.07832550718975
141,11.75,60.04936068547486,64.0673270376476,49.99933853986539,50.06355287104759,40,5,60.04936068547486,64.0673270376476
142,11.833333333333334,60.042621059752676,64.05755982073075,49.98985085486964,50.063860727040854,40,5,60.042621059752676,64.05755982073075
143,11.916666666666666,60.036621026449026,64.04892448165178,49.98261152926011,50.06299994572977,40,5,60.036621026449026,64.04892448165178
144,12.0,60.031301528097764,64.04132378161013,49.97725514791143,50.06123890513702,40,5,60.031301528097764,64.04132378161013
145,12.083333333333334,60.026604894585326,64.03466380973839,49.97346341663882,50.058803362339894,40,5,60.026604894585326,64.03466380973839
146,12.166666666666666,60.02247550332341,64.02885486508526,49.97096040665954,50.05588177974572,40,5,60.02247550332341,64.02885486508526
147,12.25,60.01886025995417,64.02381207908294,49.96950809608163,50.052630144031056,40,5,60.01886025995417,64.02381207908294
148,12.333333333333334,60.0157089321805,64.01945582284074,49.968902223239155,50.04917630444168,40,5,60.0157089321805,64.01945582284074
149,12.416666666666666,60.012974364059744,64.0157119379928,49.968968457386936,50.045623859432204,40,5,60.012974364059744,64.0157119379928
150,12.5,60.01061259369216,64.01251182470355,49.96955888504541,50.04205562202462,40,5,60.01061259369216,64.01251182470355
151,12.583333333333334,60.008582893538936,64.00979241579317,49.97054880480446,50.038536694901744,40,5,60.008582893538936,64.00979241579317
152,12.666666666666666,60.00684774949653,64.00749606176917,49.97183381932,50.03511718628366,40,5,60.00684774949653,64.00749606176917
153,12.75,60.00537279223424,64.00557034781858,49.9733272103476,50.031834597131216,40,5,60.00537279223424,64.00557034781858
154,12.833333333333334,60.00412669208796,64.00396786050283,49.97495758068699,50.02871590933761,40,5,60.00412669208796,64.00396786050283
155,12.916666666666666,60.00308102692463,64.00264591897604,49.976666745715136,50.02577940335316,40,5,60.00308102692463,64.00264591897604
156,13.0,60.00221013079549,64.00156628298706,49.97840785657083,50.023036232261724,40,5,60.00221013079549,64.00156628298706
157,13.083333333333334,60.00149092983493,64.00069484769655,49.98014373692254,50.020491777725965,40,5,60.00149092983493,64.00069484769655
158,13.166666666666666,60.00090277070035,64.00000133341254,49.98184541546908,50.01814681153085,40,5,60.00090277070035,64.00000133341254
159,13.25,60.00042724585602,63.999458976690406,49.983490836823115,50.01599848470621,40,5,60.00042724585602,63.999458976690406
160,13.333333333333334,60.000048019157106,63.99904422782984,49.98506373412029,50.01404116446169,40,5,60.000048019157106,63.99904422782984
161,13.416666666666666,59.99975065446813,63.99873645860365,49.9865526475365,50.01226713743517,40,5,59.99975065446813,63.99873645860365
162,13.5,59.99952244943631,63.9985176830468,49.98795007382667,50.010667196077314,40,5,59.99952244943631,63.9985176830468
163,13.583333333333334,59.99935227602063,63.99837229329555,49.98925173298489,50.009231123382925,40,5,59.99935227602063,63.99837229329555
164,13.666666666666666,59.999230428940166,63.99828681177472,49.9904559391386,50.00794808965005,40,5,59.999230428940166,63.99828681177472
165,13.75,59.99914848283859,63.99824966046604,49.99156306380465,50.00680697350834,40,5,59.99914848283859,63.99824966046604
166,13.833333333333334,59.99909915865817,63.99825094753577,49.992575080631546,50.00579661811788,40,5,59.99909915865817,63.99825094753577
167,13.916666666666666,59.999076199466884,63.99828227123813,49.99349518171865,50.00490603220001,40,5,59.999076199466884,63.99828227123813
168,14.0,59.99907425577993,63.99833654072986,49.99432745653349,50.00412454441724,40,5,59.99907425577993,63.99833654072986
169,14.083333333333334,59.999088780254624,63.99840781321748,49.9950766253229,50.0034419185816,40,5,59.999088780254624,63.99840781321748
170,14.166666666666666,59.99911593151141,63.99849114670138,49.995747819744885,50.00284843622101,40,5,59.99911593151141,63.99849114670138
171,14.25,59.999152486736534,63.99858246747053,49.99634640421528,50.00233495218276,40,5,59.999152486736534,63.99858246747053
172,14.333333333333334,59.999195762650615,63.998678451430216,49.99687783218273,50.00189292818188,40,5,59.999195762650615,63.998678451430216
173,14.416666666666666,59.99924354437756,63.99877641830523,49.997347532202184,50.0015144485177,40,5,59.99924354437756,63.99877641830523
174,14.5,59.99929402171591,63.99887423774597,49.99776081928005,50.00119222157311,40,5,59.99929402171591,63.99887423774597
175,14.583333333333334,59.99934573229779,63.99897024637083,49.99812282751747,50.00091957016669,40,5,59.99934573229779,63.99897024637083
176,14.666666666666666,59.99939751111508,63.99906317479888,49.9984384605719,50.000690413357184,40,5,59.99939751111508,63.99906317479888
177,14.75,59.99944844589706,63.99915208376001,49.99871235691209,50.000499241876824,40,5,59.99944844589706,63.99915208376001
178,14.833333333333334,59.99949783783557,63.99923630841126,49.99894886724187,50.00034108900986,40,5,59.99949783783557,63.99923630841126
179,14.916666666666666,59.99954516717176,63.99931541003553,49.99915204183186,50.00021149841301,40,5,59.99954516717176,63.99931541003553
180,15.0,59.99959006318054,63.999389134350594,49.99932562581752,50.00010649010425,40,5,59.99959006318054,63.999389134350594
181,15.083333333333334,59.999632278113936,63.999457375710094,49.99947306081017,50.00002252560676,40,5,59.999632278113936,63.999457375710094
182,15.166666666666666,59.99967166469209,63.99952014653245,49.9995974914154,49.99995647303884,40,5,59.99967166469209,63.99952014653245
183,15.25,59.99970815675856,63.999577551347905,49.99970177547734,49.99990557276542,40,5,59.99970815675856,63.999577551347905
184,15.333333333333334,59.99974175274566,63.9996297649068,49.99978849705908,49.99986740408459,40,5,59.99974175274566,63.9996297649068
185,15.416666666666666,59.99977250162393,63.999677013843154,49.99985998133742,49.99983985330178,40,5,59.99977250162393,63.999677013843154
186,15.5,59.99980049103786,63.99971956143623,49.99991831073755,49.999821083441425,40,5,59.99980049103786,63.99971956143623
187,15.583333333333334,59.99982583735719,63.99975769505893,49.99996534175705,49.99980950576539,40,5,59.99982583735719,63.99975769505893
188,15.666666666666666,59.99984867739859,63.99979171594478,50.00000272203821,49.99980375319683,40,5,59.99984867739859,63.99979171594478
189,15.75,59.9998691615973,63.99982193094539,50.00003190733797,49.999802655696094,40,5,59.9998691615973,63.99982193094539
190,15.833333333333334,59.999887448431025,63.99984864598739,50.000054178124884,49.99980521758837,40,5,59.999887448431025,63.99984864598739
191,15.916666666666666,61.79994401368155,63.91638550275648,49.17502514376828,49.06918946658613,40,5.4,61.79994401368155,63.91638550275648
192,16.0,62.50146981781148,63.86247392875093,48.462161208452116,48.265343346351244,40,5.4,62.50146981781148,63.86247392875093
193,16.083333333333332,62.604060726608424,63.83141083161223,47.87070891366021,47.598339861664236,40,5.4,62.604060726608424,63.83141083161223
194,16.166666666666668,62.40647269317702,63.81738917216258,47.39335950710139,47.06079308632715,40,5.4,62.40647269317702,63.81738917216258
195,16.25,62.081912534825506,63.81560689940886,47.01557412262016,46.63742673423433,40,5.4,62.081912534825506,63.81560689940886
196,16.333333333333332,61.72639865003817,63.82223065694076,46.720749185593625,46.3104533946043,40,5.4,61.72639865003817,63.82223065694076
197,16.416666666666668,61.38947764797841,63.83428935269149,46.492893412838335,46.06243020918192,40,5.4,61.38947764797841,63.83428935269149
198,16.5,61.09348628928605,63.84954174411982,46.317855690084905,45.87762829839454,40,5.4,61.09348628928605,63.84954174411982
199,16.583333333333332,60.84544757905465,63.8663426595062,46.1837399292318,45.742553828989635,40,5.4,60.84544757905465,63.8663426595062
200,16.666666666666668,60.644279031116525,63.88352042416954,46.080889226858325,45.646007340348106,40,5.4,60.644279031116525,63.88352042416954
201,16.75,60.485052251423326,63.90027085596206,46.00166381166229,45.57891123950335,40,5.4,60.485052251423326,63.90027085596206
202,16.833333333333332,60.36142344226829,63.91606907954579,45.9401403593103,45.534038566246984,40,5.4,60.36142344226829,63.91606907954579
203,16.916666666666668,60.266948815518056,63.93059822078073,45.8918016695526,45.50571704032848,40,5.4,60.266948815518056,63.93059822078073
204,17.0,60.19573538598202,63.94369302161404,45.85325100339303,45.48954692610059,40,5.4,60.19573538598202,63.94369302161404
205,17.083333333333332,60.142707763930304,63.955296074261106,45.82196541038156,45.48215044443607,40,5.4,60.142707763930304,63.955296074261106
206,17.166666666666668,60.10366302081769,63.965424404264475,45.796091369085566,45.48095867728459,40,5.4,60.10366302081769,63.965424404264475
207,17.25,60.07521701047402,63.97414434724895,45.77428041012159,45.48403559176685,40,5.4,60.07521701047402,63.97414434724895
208,17.333333333333332,60.054702559633455,63.98155295286743,45.7555598553023,45.48993573552926,40,5.4,60.054702559633455,63.98155295286743
209,17.416666666666668,60.04005344801547,63.98776444931546,45.73923301956805,45.49759094651726,40,5.4,60.04005344801547,63.98776444931546
210,17.5,60.029692062141095,63.99290058074499,45.72480335967292,45.50622123703837,40,5.4,60.029692062141095,63.99290058074499
211,17.583333333333332,60.02242913884962,63.99708387376016,45.711917629328966,45.51526534946973,40,5.4,60.02242913884962,63.99708387376016
212,17.666666666666668,60.01737861713132,64.00043309400921,45.700323837853794,45.52432704480521,40,5.4,60.01737861713132,64.00043309400921
213,17.75,60.013887700617445,64.00306032123108,45.68984055841413,45.53313381041063,40,5.4,60.013887700617445,64.00306032123108
214,17.833333333333332,60.011480795519844,64.00506920507813,45.68033481832767,45.54150527317508,40,5.4,60.011480795519844,64.00506920507813
215,17.916666666666668,60.00981540561841,64.00655406962326,45.67170639682909,45.549329138318555,40,5.4,60.00981540561841,64.00655406962326
216,18.0,60.0086479540652,64.0075996166732,45.66387684865108,45.556542928399836,40,5.4,60.0086479540652,64.0075996166732
217,18.083333333333332,60.007807631087466,64.00828104139849,45.65678197053764,45.56312017180452,40,5.4,60.007807631087466,64.00828104139849
218,18.166666666666668,60.00717660251242,64.00866442227004,45.650366743814274,45.569059992372715,40,5.4,60.00717660251242,64.00866442227004
219,18.25,60.006675180786516,64.00880728411552,45.64458203247803,45.574379291881286,40,5.4,60.006675180786516,64.00880728411552
220,18.333333333333332,60.00625081794779,64.00875926090916,45.63938250571714,45.57910690528692,40,5.4,60.00625081794779,64.00875926090916
221,18.416666666666668,60.00587001008125,64.00856280578233,45.63472539775296,45.58327925476573,40,5.4,60.00587001008125,64.00856280578233
222,18.5,60.005512398447465,64.00825391133012,45.63056982618005,45.586937141197375,40,5.4,60.005512398447465,64.00825391133012
223,18.583333333333332,60.00516651354489,64.00786281486543,45.62687647060968,45.59012339803364,40,5.4,60.00516651354489,64.00786281486543
224,18.666666666666668,60.00482673788131,64.00741467181766,45.623607472883286,45.59288119832984,40,5.4,60.00482673788131,64.00741467181766
225,18.75,60.004491165528904,64.00693018673415,45.62072646354464,45.59525285579897,40,5.4,60.004491165528904,64.00693018673415
226,18.833333333333332,60.00416011620815,64.00642619589154,45.61819865063781,45.59727899877191,40,5.4,60.00416011620815,64.00642619589154
227,18.916666666666668,60.00383512298379,64.00591619878821,45.61599092930856,45.598998024795904,40,5.4,60.00383512298379,64.00591619878821
228,19.0,60.00351825942779,64.005410838098,45.61407198648098,45.60044576548726,40,5.4,60.00351825942779,64.005410838098
229,19.083333333333332,60.00321170747249,64.00491832925941,45.612412385831405,45.60165530787392,40,5.4,60.00321170747249,64.00491832925941
230,19.166666666666668,60.0029174937284,64.00444484194323,45.610984625712234,45.602656931111945,40,5.4,60.0029174937284,64.00444484194323
231,19.25,60.00263734184104,64.003994836319,45.6097631675958,45.603478127093844,40,5.4,60.00263734184104,64.003994836319
232,19.333333333333332,60.00237260313525,64.00357135743454,45.608724435716944,45.60414368085241,40,5.4,60.00237260313525,64.00357135743454
233,19.416666666666668,60.00212423860637,64.00317629120896,45.607846790462176,45.60467579231404,40,5.4,60.00212423860637,64.00317629120896
234,19.5,60.001892833235544,64.00281058557789,45.60711047904637,45.605094225318744,40,5.4,60.001892833235544,64.00281058557789
235,19.583333333333332,60.00167862936974,64.00247444026341,45.60649756742698,45.60541647319685,40,5.4,60.00167862936974,64.00247444026341
236,19.666666666666668,60.0014815700755,64.00216746850397,45.60599185744691,45.6056579327963,40,5.4,60.0014815700755,64.00216746850397
237,19.75,60.00130134636787,64.0018888338952,45.60557879298181,45.60583208089657,40,5.4,60.00130134636787,64.0018888338952
238,19.833333333333332,60.00113744434637,64.00163736527975,45.605245358529544,45.60595064852262,40,5.4,60.00113744434637,64.00163736527975
239,19.916666666666668,60.00098918977174,64.00141165239668,45.6049799732627,45.60602378991177,40,5.4,60.00098918977174,64.00141165239668
240,20.0,60.00085578866219,64.0012101247675,45.604772383130175,45.60606024384932,40,5.4,60.00085578866219,64.0012101247675
241,20.083333333333332,60.00073636320375,64.00103111606506,45.604613553161734,45.606067485840725,40,5.4,60.00073636320375,64.00103111606506
242,20.166666666666668,60.000629982748826,64.00087291598761,45.604495561722956,45.606051870173026,40,5.4,60.000629982748826,64.00087291598761
243,20.25,60.00053568998875,64.00073381144568,45.60441149810221,45.60601876136418,40,5.4,60.00053568998875,64.00073381144568
244,20.333333333333332,60.00045252257901,64.00061211866957,45.60435536447854,45.60597265484634,40,5.4,60.00045252257901,64.00061211866957
245,20.416666666666668,60.000379530606224,64.00050620765667,45.60432198303424,45.605917286988245,40,5.4,60.000379530606224,64.00050620765667
246,20.5,60.00031579034004,64.0004145202067,45.60430690873124,45.60585573475362,40,5.4,60.00031579034004,64.0004145202067
247,20.583333333333332,60.00026041472813,64.00033558263401,45.604306348066494,45.60579050542835,40,5.4,60.00026041472813,64.00033558263401
248,20.666666666666668,60.000212561083956,64.00026801410372,45.60431708394634,45.60572361695226,40,5.4,60.000212561083956,64.00026801410372
249,20.75,60.000171436391426,64.00021053140928,45.6043364066899,45.6056566694429,40,5.4,60.000171436391426,64.00021053140928
250,20.833333333333332,60.0001363006174,64.00016195089292,45.604362051053926,45.60559090854508,40,5.4,60.0001363006174,64.00016195089292
251,20.916666666666668,60.000106468384445,64.00012118810818,45.60439213909488,45.60552728124443,40,5.4,60.000106468384445,64.00012118810818
252,21.0,60.00008130931654,64.00008725573188,45.60442512861543,45.60546648478797,40,5.4,60.00008130931654,64.00008725573188
253,21.083333333333332,60.000060247331575,64.00005926015258,45.60445976689841,45.605409009339574,40,5.4,60.000060247331575,64.00005926015258
254,21.166666666666668,60.00004275911723,64.00003639709252,45.60449504940382,45.60535517497248,40,5.4,60.00004275911723,64.00003639709252
255,21.25,60.00002837199223,64.00001794655803,45.604530183081685,45.60530516357667,40,5.4,60.00002837199223,64.00001794655803
256,21.333333333333332,60.00001666132374,64.00000326736085,45.60456455395101,45.60525904622002,40,5.4,60.00001666132374,64.00000326736085
257,21.416666666666668,60.00000724764331,63.99999179140619,45.60459769859064,45.605216806471155,40,5.4,60.00000724764331,63.99999179140619
258,21.5,59.99999979357878,63.99998301790478,45.604629279197354,45.60517836015033,40,5.4,59.99999979357878,63.99998301790478
259,21.583333333333332,59.999994000697725,63.99997650763228,45.60465906187661,45.60514357193859,40,5.4,59.999994000697725,63.99997650763228
260,21.666666666666668,59.999989606338765,63.999971877331085,45.60468689784795,45.60511226923614,40,5.4,59.999989606338765,63.999971877331085
261,21.75,59.999986380490895,63.99996879432612,45.60471270726073,45.60508425362825,40,5.4,59.999986380490895,63.99996879432612
262,21.833333333333332,59.99998412276692,63.99996697140612,45.60473646533957,45.605059310277284,40,5.4,59.99998412276692,63.99996697140612
263,21.916666666666668,59.99998265950538,63.99996616200554,45.60475819059594,45.60503721552947,40,5.4,59.99998265950538,63.99996616200554
264,22.0,59.999981841025324,63.999966155709224,45.60477793486326,45.605017742993475,40,5.4,59.999981841025324,63.999966155709224
265,22.083333333333332,59.999981539050424,63.999966774090545,45.60479577493405,45.605000668317935,40,5.4,59.999981539050424,63.999966774090545
266,22.166666666666668,59.999981644311816,63.99996786688582,45.60481180559685,45.60498577286924,40,5.4,59.999981644311816,63.99996786688582
267,22.25,59.999982064334226,63.999969308500475,45.60482613388937,45.60497284648708,40,5.4,59.999982064334226,63.999969308500475
268,22.333333333333332,59.99998272140512,63.99997099483771,45.604838874404386,45.60496168947038,40,5.4,59.99998272140512,63.99997099483771
269,22.416666666666668,59.9999835507236,63.999972840436236,45.6048501454995,45.604952113930125,40,5.4,59.9999835507236,63.999972840436236
270,22.5,59.999984498723194,63.999974775901165,45.60486006628049,45.60494394462339,40,5.4,59.999984498723194,63.999974775901165
271,22.583333333333332,58.32592357653171,64.07922235246315,46.37079114068691,46.487133704820856,40,5,58.32592357653171,64.07922235246315
272,22.666666666666668,57.64602739304976,64.13087789810464,47.041202841832934,47.256183555345125,40,5,57.64602739304976,64.13087789810464
273,22.75,57.51681621149722,64.16121180607946,47.60669312110603,47.902448162062484,40,5,57.51681621149722,64.16121180607946
274,22.833333333333332,57.671215266747126,64.17558299398233,48.07181442108645,48.43119497585944,40,5,57.671215266747126,64.17558299398233
275,22.916666666666668,57.952437940801886,64.17839369699296,48.44765257414077,48.854806639687204,40,5,57.952437940801886,64.17839369699296
276,23.0,58.27182686818788,64.1731537099309,48.747562869468595,49.18825375202593,40,5,58.27182686818788,64.1731537099309
277,23.083333333333332,58.58213356462292,64.16259247160059,48.98484890200263,49.44659335157192,40,5,58.58213356462292,64.16259247160059
278,23.166666666666668,58.86072072610945,64.14878470141973,49.171611803475926,49.643697150761135,40,5,58.86072072610945,64.14878470141973
279,23.25,59.09911684245699,64.13327166289339,49.31828322923471,49.79170559731531,40,5,59.09911684245699,64.13327166289339
280,23.333333333333332,59.296614790071686,64.11716967243456,49.43353991737033,49.90089319698395,40,5,59.296614790071686,64.11716967243456
281,23.416666666666668,59.45642553029184,64.10126285097269,49.524415874745436,49.97975234591092,40,5,59.45642553029184,64.10126285097269
282,23.5,59.583430169885744,64.08607999930275,49.59650324071887,50.035180448474506,40,5,59.583430169885744,64.08607999930275
283,23.583333333333332,59.682918818220756,64.07195689804209,49.65417977648709,50.07270377009714,40,5,59.682918818220756,64.07195689804209
284,23.666666666666668,59.75992806580996,64.05908591794581,49.70082971785172,50.09670151618192,40,5,59.75992806580996,64.05908591794581
285,23.75,59.818932957442826,64.04755495364374,49.7390419779355,50.11061176851863,40,5,59.818932957442826,64.04755495364374
286,23.833333333333332,59.863741751817884,64.03737758648153,49.770779678345654,50.117111546168545,40,5,59.863741751817884,64.03737758648153
287,23.916666666666668,59.8975006608651,64.02851616874065,49.79752049297175,50.118269234893354,40,5,59.8975006608651,64.02851616874065
288,24.0,59.92275298224324,64.02089927394115,49.82037008028034,50.11567077014601,40,5,59.92275298224324,64.02089927394115
289,24.083333333333332,59.94152030264543,64.01443471427874,49.8401520769037,50.1105224166209,40,5,59.94152030264543,64.01443471427874
290,24.166666666666668,59.955387786479804,64.00901910487946,49.85747842362153,50.10373348155892,40,5,59.955387786479804,64.00901910487946
291,24.25,59.96558423633041,64.00454476263711,49.872803619101646,50.095982270263995,40,5,59.96558423633041,64.00454476263711
292,24.333333333333332,59.97305272436102,64.00090456600591,49.88646609952954,50.08776830480286,40,5,59.97305272436102,64.00090456600591
293,24.416666666666668,59.978510499011165,63.99799526924545,49.89871946845695,50.07945343425148,40,5,59.978510499011165,63.99799526924545
294,24.5,59.98249842982097,63.99571965689682,49.909755829709674,50.07129405252903,40,5,59.98249842982097,63.99571965689682
295,24.583333333333332,59.98542100830758,63.99398783796439,49.91972304615612,50.06346625205234,40,5,59.98542100830758,63.99398783796439
296,24.666666666666668,59.98757821341125,63.992717910761705,49.9287373745615,50.05608539809345,40,5,59.98757821341125,63.992717910761705
297,24.75,59.98919058442263,63.99183617538844,49.93689261473415,50.04922131603171,40,5,59.98919058442263,63.99183617538844
298,24.833333333333332,59.99041874801567,63.99127702852146,49.94426665609615,50.042910040494014,40,5,59.99041874801567,63.99127702852146
299,24.916666666666668,59.99137849267245,63.99098264226452,49.950926100051,50.03716287693085,40,5,59.99137849267245,63.99098264226452
300,25.0,59.99215231492941,63.99090250326614,49.95692947447272,50.031973366393686,40,5,59.99215231492941,63.99090250326614
301,25.083333333333332,59.99279819951436,63.99099286860905,49.96232942988336,50.02732261688892,40,5,59.99279819951436,63.99099286860905
302,25.166666666666668,59.993356250011516,63.991216179835796,49.967174208714084,50.02318336386841,40,5,59.993356250011516,63.991216179835796
303,25.25,59.9938536619598,63.99154046489986,49.971508603664944,50.01952304307507,40,5,59.9938536619598,63.99154046489986
304,25.333333333333332,59.99430842639446,63.99193874902703,49.97537456376731,50.01630609676331,40,5,59.99430842639446,63.99193874902703
305,25.416666666666668,59.99473206709639,63.992388488814925,49.978811563348344,50.013495685704115,40,5,59.99473206709639,63.992388488814925
306,25.5,59.99513164676408,63.99287103890146,49.98185681653607,50.01105494145245,40,5,59.99513164676408,63.99287103890146
307,25.583333333333332,59.99551122334066,63.993371156814526,49.98454539570311,50.008947863790965,40,5,59.99551122334066,63.993371156814526
308,25.666666666666668,59.99587289531817,63.99387654887948,49.98691029435196,50.00713994522851,40,5,59.99587289531817,63.99387654887948
309,25.75,59.996217541785946,63.99437745807742,49.98898246185572,50.005598586477966,40,5,59.996217541785946,63.99437745807742
310,25.833333333333332,59.996545337396164,63.99486629333758,49.990790827999746,50.00429335283279,40,5,59.996545337396164,63.99486629333758
311,25.916666666666668,59.99685610271622,63.995337298772654,49.99236232850788,50.00319611042408,40,5,59.99685610271622,63.995337298772654
312,26.0,59.99714953534419,63.995786260720884,49.99372193798281,50.00228107278885,40,5,59.99714953534419,63.995786260720884
313,26.083333333333332,59.9974253556546,63.996210250059264,49.994892713420924,50.00152478147863,40,5,59.9974253556546,63.996210250059264
314,26.166666666666668,59.997683392303244,63.99660739703616,49.99589584927079,50.000906039182986,40,5,59.997683392303244,63.99660739703616
315,26.25,59.99792362601174,63.996976695789385,49.99675074360051,50.000405809707814,40,5,59.99792362601174,63.996976695789385
316,26.333333333333332,59.998146205176724,63.997317835730186,49.997475074088904,50.00000709589789,40,5,59.998146205176724,63.997317835730186
317,26.416666666666668,59.998351443117976,63.9976310570559,49.99808488209991,49.99969480402834,40,5,59.998351443117976,63.9976310570559
318,26.5,59.99853980399561,63.99791702778271,49.998594662911366,49.99945560116905,40,5,59.99853980399561,63.99791702778271
319,26.583333333333332,59.99871188235964,63.99817673984823,49.999017460163834,49.99927777042802,40,5,59.99871188235964,63.99817673984823
320,26.666666666666668,59.99886837977034,63.99841142200938,49.99936496270061,49.99915106772291,40,5,59.99886837977034,63.99841142200938
321,26.75,59.99901008081036,63.99862246744493,49.99964760214527,49.999066582738884,40,5,59.99901008081036,63.99862246744493
322,26.833333333333332,59.999137829997935,63.99881137415739,49.99987464977608,49.99901660594941,40,5,59.999137829997935,63.99881137415739
323,26.916666666666668,59.999252510527555,63.99897969645092,50.00005431147772,49.9989945029699,40,5,59.999252510527555,63.99897969645092
324,27.0,59.99935502535096,63.999129005936915,50.0001938197766,49.998994597034276,40,5,59.99935502535096,63.999129005936915
325,27.083333333333332,59.99944628082373,63.99926086068497,50.00029952216998,49.99901206002356,40,5,59.99944628082373,63.99926086068497
326,27.166666666666668,59.99952717294737,63.99937678129218,50.000376965158146,49.99904281218734,40,5,59.99952717294737,63.99937678129218
327,27.25,59.99959857610863,63.99947823278787,50.00043097355545,49.999083430491524,40,5,59.99959857610863,63.99947823278787
328,27.333333333333332,59.99966133413888,63.99956661142313,50.000465724806794,49.99913106536788,40,5,59.99966133413888,63.99956661142313
329,27.416666666666668,59.999716253471036,63.99964323551482,50.00048481816528,49.999183365525134,40,5,59.999716253471036,63.99964323551482
330,27.5,59.99976409815194,63.99970933962361,50.000491338693045,49.99923841040485,40,5,59.99976409815194,63.99970933962361
331,27.583333333333332,59.99980558646405,63.99976607144298,50.00048791613293,49.99929464981535,40,5,59.99980558646405,63.99976607144298
332,27.666666666666668,59.99984138891803,63.99981449086484,50.00047677877357,49.999350850243935,40,5,59.99984138891803,63.99981449086484
333,27.75,59.999872127392486,63.99985557076522,50.000459802481394,49.99940604733848,40,5,59.999872127392486,63.99985557076522
334,27.833333333333332,59.99989837521581,63.99989019912267,50.00043855511604,49.99945950404856,40,5,59.99989837521581,63.99989019912267
335,27.916666666666668,59.999920658005614,63.99991918214339,50.00041433657466,49.99951067392686,40,5,59.999920658005614,63.99991918214339
336,28.0,59.9999394551031,63.99994324811997,50.000388214731124,49.999559169108196,40,5,59.9999394551031,63.99994324811997
337,28.083333333333332,59.99995520145998,63.999963051797764,50.00036105754845,49.99960473250493,40,5,59.99995520145998,63.999963051797764
338,28.166666666666668,59.999968289856255,63.99997917906278,50.0003335616441,49.99964721378724,40,5,59.999968289856255,63.99997917906278
339,28.25,59.99997907334502,63.999992151800214,50.000306277590425,49.99968654874064,40,5,59.99997907334502,63.999992151800214
340,28.333333333333332,59.999987867837675,64.0000024328024,50.000279632224,49.999722741625966,40,5,59.999987867837675,64.0000024328024
341,28.416666666666668,59.99999495475811,64.00001043063054,50.000253948234395,49.99975585019078,40,5,59.99999495475811,64.00001043063054
342,28.5,60.000000583707546,64.00001650435617,50.00022946128143,49.999785973021304,40,5,60.000000583707546,64.00001650435617
343,28.583333333333332,60.000004975093745,64.00002096812648,50.000206334889555,49.9998132389382,40,5,60.000004975093745,64.00002096812648
344,28.666666666666668,60.0000083226884,64.00002409551291,50.000184673343156,49.99983779817893,40,5,60.0000083226884,64.00002409551291
345,28.75,60.00001079608517,64.00002612361489,50.00016453279565,49.999859815130336,40,5,60.00001079608517,64.00002612361489
346,28.833333333333332,60.00001254303842,64.00002725690094,50.00014593079101,49.99987946239822,40,5,60.00001254303842,64.00002725690094
347,28.916666666666668,60.00001369166864,64.00002767077808,50.0001288543779,49.99989691602653,40,5,60.00001369166864,64.00002767077808
348,29.0,60.000014352526016,64.00002751488668,50.00011326698277,49.99991235169912,40,5,60.000014352526016,64.00002751488668
349,29.083333333333332,60.000014620507585,64.00002691612372,50.00009911419458,49.99992594177412,40,5,60.000014620507585,64.00002691612372
350,29.166666666666668,60.000014576627,64.00002598140102,50.00008632859604,49.99993785302356,40,5,60.000014576627,64.00002598140102
351,29.25,60.00001428963849,64.0000248001488,50.00007483376865,49.99994824496048,40,5,60.00001428963849,64.0000248001488
352,29.333333333333332,60.00001381751891,64.00002344657625,50.000064547578894,49.99995726865807,40,5,60.00001381751891,64.00002344657625
353,29.416666666666668,60.00001320881314,64.00002198170337,50.000055384848665,49.99996506597073,40,5,60.00001320881314,64.00002198170337
354,29.5,60.00001250384942,64.00002045517823,50.000047259494615,49.999971769085995,40,5,60.00001250384942,64.00002045517823
355,29.583333333333332,60.00001173583206,64.00001890689542,50.00004008621775,49.99997750034111,40,5,60.00001173583206,64.00001890689542
356,29.666666666666668,60.000010931819205,64.00001736843062,50.0000337818116,49.99998237224908,40,5,60.000010931819205,64.00001736843062
357,29.75,60.000010113593916,64.00001586430668,50.000028266147716,49.99998648769112,40,5,60.000010113593916,64.00001586430668
358,29.833333333333332,60.00000929843675,64.00001441310594,50.00002346289306,49.99998994023364,40,5,60.00000929843675,64.00001441310594
359,29.916666666666668,60.000008499807834,64.00001302844312,50.00001930000712,49.999992814535496,40,5,60.000008499807834,64.00001302844312
360,30.0,60.00000772794651,64.0000117198121,50.00001571005329,49.99999518682426,40,5,60.00000772794651,64.0000117198121
