sample,time_minutes,outlet_flow,outlet_temperature,hx_position,bypass_position,inlet_temp,inlet_pressure,cv.flow,cv.temperature,target.flow,target.temperature
0,0.0,60,64,50,50,40,5,60,64,60.0,64.0
1,0.08333333333333333,59.99999999995953,64.0,50.00000000042022,49.99999999940833,40,5,59.99999999995953,64.0,60.0,64.0
2,0.16666666666666666,59.99999999992028,64.00000000002098,50.0000000007732,49.999999998993076,40,5,59.99999999992028,64.00000000002098,60.0,64.0
3,0.25,59.99999999989678,64.00000000005423,50.000000001055554,49.999999998712035,40,5,59.99999999989678,64.00000000005423,60.0,64.0
4,0.3333333333333333,59.99999999989005,64.00000000009352,50.000000001268745,49.9999999985307,40,5,59.99999999989005,64.00000000009352,60.0,64.0
5,0.4166666666666667,59.99999999989595,64.00000000013456,50.000000001419544,49.999999998422176,40,5,59.99999999989595,64.00000000013456,60.0,64.0
6,0.5,59.99999999990931,64.0000000001745,50.00000000151754,49.999999998365624,40,5,59.99999999990931,64.0000000001745,60.0,64.0
7,0.5833333333333334,59.99999999992585,64.00000000021154,50.00000000157344,49.99999999834544,40,5,59.99999999992585,64.00000000021154,60.0,64.0
8,0.6666666666666666,59.999999999942624,64.00000000024473,50.00000000159667,49.999999998350795,40,5,59.999999999942624,64.00000000024473,60.0,64.0
9,0.75,59.99999999995789,64.00000000027357,50.00000000159565,49.99999999837338,40,5,59.99999999995789,64.00000000027357,60.0,64.0
10,0.8333333333333334,59.99999999997084,64.00000000029799,50.00000000157862,49.99999999840602,40,5,59.99999999997084,64.00000000029799,60.0,64.0
11,0.9166666666666666,59.999999999981306,64.00000000031814,50.000000001551975,49.99999999844374,40,5,59.999999999981306,64.00000000031814,60.0,64.0
12,1.0,59.9999999999894,64.00000000033437,50.00000000151983,49.999999998483275,40,5,59.9999999999894,64.00000000033437,60.0,64.0
13,1.0833333333333333,59.9999999999954,64.0000000003471,50.00000000148578,49.99999999852195,40,5,59.9999999999954,64.0000000003471,60.0,64.0
14,1.1666666666666667,59.99999999999965,64.0000000003568,50.00000000145223,49.99999999855809,40,5,59.99999999999965,64.0000000003568,60.0,64.0
15,1.25,60.000000000002544,64.00000000036397,50.0000000014206,49.99999999859105,40,5,60.000000000002544,64.00000000036397,60.0,64.0
16,1.3333333333333333,60.00000000000435,64.00000000036901,50.0000000013917,49.999999998620176,40,5,60.00000000000435,64.00000000036901,60.0,64.0
17,1.4166666666666667,60.00000000000534,64.00000000037235,50.00000000136677,49.99999999864468,40,5,60.00000000000534,64.00000000037235,60.0,64.0
18,1.5,60.00000000000574,64.00000000037437,50.00000000134531,49.99999999866526,40,5,60.00000000000574,64.00000000037437,60.0,64.0
19,1.5833333333333333,60.00000000000571,64.00000000037538,50.000000001327244,49.999999998682185,40,5,60.00000000000571,64.00000000037538,60.0,64.0
20,1.6666666666666667,60.00000000000539,64.00000000037565,50.00000000131297,49.999999998695166,40,5,60.00000000000539,64.00000000037565,60.0,64.0
21,1.75,60.47216318779555,64.00000000037541,50.999999978803366,50.999999934139595,40,5,60.47216318779555,64.00000000037541,64,64.0
22,1.8333333333333333,61.23070768924327,63.9729793113814,51.99999993068186,51.99999931859437,40,5,61.23070768924327,63.9729793113814,64,64.0
23,1.9166666666666667,62.02278055925193,63.92267281274392,52.99999980135997,52.40626053415369,40,5,62.02278055925193,63.92267281274392,64,64.0
24,2.0,62.73074915871192,63.871273199939466,53.99999672425791,52.370134218077666,40,5,62.73074915871192,63.871273199939466,64,64.0
25,2.0833333333333335,63.251001395262186,63.833170300264726,54.63533498963086,52.11961024258737,40,5,63.251001395262186,63.833170300264726,64,64.0
26,2.1666666666666665,63.58609395143752,63.81174536739004,55.03453893315893,51.80318963998091,40,5,63.58609395143752,63.81174536739004,64,64.0
27,2.25,63.780180856061946,63.80575783936906,55.29553476628037,51.503406352116905,40,5,63.780180856061946,63.80575783936906,64,64.0
28,2.3333333333333335,63.88195267375603,63.81194148956869,55.474164901693456,51.257223979140655,40,5,63.88195267375603,63.81194148956869,64,64.0
29,2.4166666666666665,63.930257310861684,63.82653995220738,55.60030061537831,51.074230423153566,40,5,63.930257310861684,63.82653995220738,64,64.0
30,2.5,63.95124782698608,63.84612831940628,55.68948229834881,50.949858673953216,40,5,63.95124782698608,63.84612831940628,64,64.0
31,2.5833333333333335,63.96034850686372,63.867955740071906,55.75020693512926,50.873754983274324,40,5,63.96034850686372,63.867955740071906,64,64.0
32,2.6666666666666665,63.96549552919719,63.89000845825944,55.78793925970839,50.83444346306981,40,5,63.96549552919719,63.89000845825944,64,64.0
33,2.75,63.97007603812071,63.910933954196715,55.80701280948724,50.821548633048266,40,5,63.97007603812071,63.910933954196715,64,64.0
34,2.8333333333333335,63.975067057770055,63.929912983853384,55.811343521482485,50.82659095355974,40,5,63.975067057770055,63.929912983853384,64,64.0
35,2.9166666666666665,63.980381246916885,63.9465265134625,55.804571955237705,50.843049774829296,40,5,63.980381246916885,63.9465265134625,64,64.0
36,3.0,63.98560767165876,63.9606389416003,55.78999301106033,50.86611394639164,40,5,63.98560767165876,63.9606389416003,64,64.0
37,3.0833333333333335,63.990357489699285,63.97230440409312,55.7704532036148,50.89234563988832,40,5,63.990357489699285,63.97230440409312,64,64.0
38,3.1666666666666665,63.99438338622815,63.9816957009681,55.748287333434845,50.919361469738966,40,5,63.99438338622815,63.9816957009681,64,64.0
39,3.25,63.997587354380144,63.98905247027582,55.72530942798501,50.94556765922678,40,5,63.997587354380144,63.98905247027582,64,64.0
40,3.3333333333333335,63.9999849891668,63.994644588137305,55.702848081881044,50.96995346645647,40,5,63.9999849891668,63.994644588137305,64,64.0
41,3.4166666666666665,64.0016616625182,63.998747133706,55.681809340649664,50.99193440029657,40,5,64.0016616625182,63.998747133706,64,64.0
42,3.5,64.00273571157027,64.00162393792775,55.66275159113758,51.011233995243046,40,5,64.00273571157027,64.00162393792775,64,64.0
43,3.5833333333333335,64.0033328058739,64.00351741646699,55.645961117967964,51.027794254048096,40,5,64.0033328058739,64.00351741646699,64,64.0
44,3.6666666666666665,64.00357061717224,64.00464295341266,55.631521364796384,51.04170730500596,40,5,64.00357061717224,64.00464295341266,64,64.0
45,3.75,64.0035512104989,64.00518653537111,55.61937243503882,51.05316305700581,40,5,64.0035512104989,64.00518653537111,64,64.0
46,3.8333333333333335,64.0033584940023,64.00530465589667,55.60935976159341,51.062409276178535,40,5,64.0033584940023,64.00530465589667,64,64.0
47,3.9166666666666665,64.00305860707947,64.00512574706293,55.60127231910894,51.06972156949522,40,5,64.00305860707947,64.00512574706293,64,64.0
48,4.0,64.00270178243201,64.004752573628,55.594871502477304,51.07538139643843,40,5,64.00270178243201,64.004752573628,64,64.0
49,4.083333333333333,64.00232477382889,64.00426516380999,55.589912093872805,51.07966060162403,40,5,64.00232477382889,64.00426516380999,64,64.0
50,4.166666666666667,64.00195334099226,64.00372396078323,55.58615677389711,51.082811191890414,40,5,64.00195334099226,64.00372396078323,64,64.0
51,4.25,64.00160453977104,64.0031729676209,55.58338552639714,51.0850592481904,40,5,64.00160453977104,64.0031729676209,64,64.0
52,4.333333333333333,64.00128871594222,64.00264272972407,55.58140111934346,51.08660200628814,40,5,64.00128871594222,64.00264272972407,64,64.0
53,4.416666666666667,64.00101118099391,64.00215305547944,55.58003165999742,51.08760727752485,40,5,64.00101118099391,64.00215305547944,64,64.0
54,4.5,64.00077358640092,64.00171541999066,55.579131044415476,51.08821451515413,40,5,64.00077358640092,64.00171541999066,64,64.0
55,4.583333333333333,64.00057502827153,64.00133502998418,55.57857795967061,51.08853696047936,40,5,64.00057502827153,64.00133502998418,64,64.0
56,4.666666666666667,64.00041291834145,64.0010125520557,55.5782739557741,51.08866442229838,40,5,64.00041291834145,64.0010125520557,64,64.0
57,4.75,64.00028365642667,64.00074552288633,55.5781409837294,51.08866634952044,40,5,64.00028365642667,64.00074552288633,64,64.0
58,4.833333333333333,64.00018313671926,64.00052947041407,55.578118695275876,51.088594948365866,40,5,64.00018313671926,64.00052947041407,64,64.0
59,4.916666666666667,64.00010711706888,64.00035878055546,55.57816171706067,51.08848817165205,40,5,64.00010711706888,64.00035878055546,64,64.0
60,5.0,64.00005147712149,64.00022734612897,55.57823704519883,51.088372468920795,40,5,64.00005147712149,64.00022734612897,64,64.0
61,5.083333333333333,64.0000123880204,64.00012903414631,55.578321653509924,51.08826523382727,40,5,64.0000123880204,64.00012903414631,64,64.0
62,5.166666666666667,63.999986413336515,64.00005800544352,55.57840036815929,51.08817692103234,40,5,63.999986413336515,64.00005800544352,64,64.0
63,5.25,63.99997055799439,64.0000089173748,55.57846403113199,51.088112830665125,40,5,63.99997055799439,64.0000089173748,64,64.0
64,5.333333333333333,63.99996227922467,63.99997703649652,55.578507953166316,51.08807457608382,40,5,63.99996227922467,63.99997703649652,64,64.0
65,5.416666666666667,63.99995947103927,63.99995828419609,55.5785306418799,51.08806126185016,40,5,63.99995947103927,63.99995828419609,64,64.0
66,5.5,63.99996043142668,63.99994923433473,55.57853278137992,51.0880704050503,40,5,63.99996043142668,63.99994923433473,64,64.0
67,5.583333333333333,63.99996381943213,63.999947078346686,55.57851643442754,51.08809863560985,40,5,63.99996381943213,63.999947078346686,64,64.0
68,5.666666666666667,63.9999686075321,63.99994956997546,55.57848443613816,51.08814221112819,40,5,63.9999686075321,63.99994956997546,64,64.0
69,5.75,63.999974033235844,63.999954958981284,55.57843994836008,51.08819737984996,40,5,63.999974033235844,63.999954958981284,64,64.0
70,5.833333333333333,63.999979552636034,63.99996192073781,55.57838614556029,51.08826062237092,40,5,63.999979552636034,63.99996192073781,64,64.0
71,5.916666666666667,63.99998479766345,63.999969486636175,55.5783260056873,51.088328799049584,40,5,63.99998479766345,63.999969486636175,64,64.0
72,6.0,63.99998953805143,63.99997697860148,55.578262182627576,51.0883992262581,40,5,63.99998953805143,63.99997697860148,64,64.0
73,6.083333333333333,63.999993648452694,63.9999839497593,55.578196940216785,51.088469700803,40,5,63.999993648452694,63.9999839497593,64,64.0
74,6.166666666666667,63.99999708074549,63.999990132322814,55.57813213106425,51.088538488276534,40,5,63.99999708074549,63.999990132322814,64,64.0
75,6.25,63.999999841287355,63.99999539305874,55.57806920654279,51.08860428786764,40,5,63.999999841287355,63.99999539305874,64,64.0
76,6.333333333333333,64.00000197269819,63.99999969618644,55.57800924710886,51.088666183316676,40,5,64.00000197269819,63.99999969618644,64,64.0
77,6.416666666666667,64.00000353965537,64.0000030732303,55.577953004566105,51.08872358728478,40,5,64.00000353965537,64.0000030732303,64,64.0
78,6.5,64.00000461814324,64.00000559914177,55.57790095000248,51.08877618437397,40,5,64.00000461814324,64.00000559914177,64,64.0
79,6.583333333333333,64.00000528760026,64.00000737390484,55.57785332286209,51.08882387641167,40,5,64.00000528760026,64.00000737390484,64,64.0
80,6.666666666666667,64.0000056254366,64.00000850880888,55.577810178044125,51.088866732304645,40,5,64.0000056254366,64.00000850880888,64,64.0
81,6.75,64.0000057034421,64.00000911659434,55.577771429036545,51.088904943775205,40,5,64.0000057034421,64.00000911659434,64,64.0
82,6.833333333333333,64.00000558566106,64.00000930473276,55.57773688595775,51.08893878754597,40,5,64.00000558566106,64.00000930473276,64,64.0
83,6.916666666666667,64.00000532737103,64.00000917117782,55.577706288019506,51.08896859401117,40,5,64.00000532737103,64.00000917117782,64,64.0
84,7.0,64.0000049748618,64.00000880201029,55.57767933038735,51.08899472206407,40,5,64.0000049748618,64.00000880201029,64,64.0
85,7.083333333333333,64.0000045657678,64.00000827048699,55.57765568572311,51.08901753952983,40,5,64.0000045657678,64.00000827048699,64,64.0
86,7.166666666666667,64.00000412975734,64.00000763708945,55.57763502089121,51.08903740852508,40,5,64.00000412975734,64.00000763708945,64,64.0
87,7.25,64.00000368942713,64.00000695024569,55.57761700942056,51.08905467501386,40,5,64.00000368942713,64.00000695024569,64,64.0
88,7.333333333333333,64.0000032612885,64.00000624746933,55.577601340349005,51.08906966184314,40,5,64.0000032612885,64.00000624746933,64,64.0
89,7.416666666666667,64.00000285676389,64.00000555672084,55.57758772407323,51.08908266457932,40,5,64.00000285676389,64.00000555672084,64,64.0
90,7.5,64.00000248313738,64.00000489784681,55.577575895795796,51.089093949528014,40,5,64.00000248313738,64.00000489784681,64,64.0
91,7.583333333333333,64.0000021444241,64.00000428399605,55.5775656170967,51.08910375340253,40,5,64.0000021444241,64.00000428399605,64,64.0
92,7.666666666666667,64.00000184213825,64.00000372294465,55.577556676091405,51.08911228418585,40,5,64.00000184213825,64.00000372294465,64,64.0
93,7.75,64.00000157595211,64.00000321828912,55.57754888657505,51.08911972280445,40,5,64.00000157595211,64.00000321828912,64,64.0
94,7.833333333333333,64.00000134424582,64.00000277048665,55.57754208647501,51.08912622531149,40,5,64.00000134424582,64.00000277048665,64,64.0
95,7.916666666666667,64.00000114455393,64.00000237773635,55.57753613587311,51.08913192534364,40,5,64.00000114455393,64.00000237773635,64,64.0
96,8.0,64.00000097391818,64.00000203670571,55.57753091480489,51.089136936668645,40,5,64.00000097391818,64.00000203670571,64,64.0
97,8.083333333333334,64.00000082915739,64.00000174311306,55.57752632098696,51.089141355695446,40,5,64.00000082915739,64.00000174311306,64,64.0
98,8.166666666666666,64.00000070706719,64.0000014921812,55.57752226758705,51.08914526385598,40,5,64.00000070706719,64.0000014921812,64,64.0
99,8.25,64.00000060456061,64.00000127897907,55.57751868111314,51.08914872979901,40,5,64.00000060456061,64.00000127897907,64,64.0
100,8.333333333333334,64.00000051876125,64.00000109866886,55.57751549946846,51.08915181136822,40,5,64.00000051876125,64.00000109866886,64,64.0
101,8.416666666666666,63.52783727893099,64.00000094667536,54.577515521977965,50.089151875924,40,5,63.52783727893099,64.00000094667536,60,64.0
102,8.5,62.76929274592239,64.02702160946329,53.577515570099195,49.0891524914824,40,5,62.76929274592239,64.02702160946329,60,64.0
103,8.583333333333334,61.97722048561525,64.0773281798367,52.57751569941966,48.682893939597335,40,5,61.97722048561525,64.0773281798367,60,64.0
104,8.666666666666666,61.2692528380333,64.12872785424588,51.57751877592065,48.71902272184301,40,5,61.2692528380333,64.12872785424588,60,64.0
105,8.75,60.74900063790276,64.16683080416173,50.9421757920932,48.96954912453135,40,5,60.74900063790276,64.16683080416173,60,64.0
106,8.833333333333334,60.41390776450121,64.18825574746563,50.542968049389955,49.28597208903076,40,5,60.41390776450121,64.18825574746563,60,64.0
107,8.916666666666666,60.21982047274278,64.19424325025358,50.281969173103455,49.58575759523243,40,5,60.21982047274278,64.19424325025358,60,64.0
108,9.0,60.11804831646925,64.18805954539475,50.10333659043369,49.83194197591055,40,5,60.11804831646925,64.18805954539475,60,64.0
109,9.083333333333334,60.069743421341414,64.17346100625251,49.97719889310844,50.01493729246533,40,5,60.069743421341414,64.17346100625251,60,64.0
110,9.166666666666666,60.0487527216005,64.15387254850563,49.88801558886614,50.139310548069744,40,5,60.0487527216005,64.15387254850563,60,64.0
111,9.25,60.03965191432321,64.1320450303548,49.82728961789384,50.21541550503767,40,5,60.03965191432321,64.1320450303548,60,64.0
112,9.333333333333334,60.03450480266021,64.10999221362691,49.78955619003385,50.254728077448654,40,5,60.03450480266021,64.10999221362691,60,64.0
113,9.416666666666666,60.02992422861174,64.08906662255826,49.77048172495721,50.267623776411725,40,5,60.02992422861174,64.08906662255826,60,64.0
114,9.5,60.02493315891091,64.07008750426898,49.76615025175832,50.26258217241086,40,5,60.02493315891091,64.07008750426898,60,64.0
115,9.583333333333334,60.01961892939619,64.05347389441877,49.77292118334365,50.2461239433996,40,5,60.01961892939619,64.05347389441877,60,64.0
116,9.666666666666666,60.0143924710572,64.03936139535931,49.78749959658076,50.22306026417755,40,5,60.0143924710572,64.03936139535931,60,64.0
117,9.75,60.00964262470335,64.02769587146413,49.80703895775204,50.196828983341135,40,5,60.00964262470335,64.02769587146413,60,64.0
118,9.833333333333334,60.005616704366176,64.01830452239113,49.829204450453865,50.16981350286217,40,5,60.005616704366176,64.01830452239113,60,64.0
119,9.916666666666666,60.00241271641936,64.01094770943793,49.8521820341146,50.143607612483365,40,5,60.00241271641936,64.01094770943793,60,64.0
120,10.0,60.000015065437225,64.00535555563515,49.874643103420745,50.119222064306314,40,5,60.000015065437225,64.00535555563515,60,64.0
121,10.083333333333334,59.9983383790721,64.00125298089,49.89568160423216,50.09724135737109,40,5,59.9983383790721,64.00125298089,60,64.0
122,10.166666666666666,59.997264319753505,63.99837615330225,49.914739142858764,50.077941963257146,40,5,59.997264319753505,63.99837615330225,60,64.0
123,10.25,59.9966672174937,63.99648265628985,49.93152942930734,50.06138188384849,40,5,59.9966672174937,63.99648265628985,60,64.0
124,10.333333333333334,59.99642940013161,63.99535710491594,49.9459690157549,50.04746899437039,40,5,59.99642940013161,63.99535710491594,60,64.0
125,10.416666666666666,59.99644880225216,63.99481351181466,49.95811779557613,50.03601338860074,40,5,59.99644880225216,63.99481351181466,60,64.0
126,10.5,59.99664151537266,63.99469538276884,49.9681303334131,50.02676730243271,40,5,59.99664151537266,63.99469538276884,60,64.0
127,10.583333333333334,59.996941399813515,63.99487428513944,49.97621765273128,50.01945513044288,40,5,59.996941399813515,63.99487428513944,60,64.0
128,10.666666666666666,59.997298222641554,63.995247453696045,49.982618357184016,50.01379541434837,40,5,59.997298222641554,63.995247453696045,60,64.0
129,10.75,59.99767522990313,63.995734859833846,49.987577663457955,50.009516310485154,40,5,59.99767522990313,63.995734859833846,60,64.0
130,10.833333333333334,59.99804666173281,63.9962760600682,49.99133289004158,50.00636581279218,40,5,59.99804666173281,63.9962760600682,60,64.0
131,10.916666666666666,59.9983954621735,63.99682705108191,49.99410405233996,50.00411784097464,40,5,59.9983954621735,63.99682705108191,60,64.0
132,11.0,59.998711285368884,63.99735728728615,49.996088381746326,50.00257515984643,40,5,59.998711285368884,63.99735728728615,60,64.0
133,11.083333333333334,59.998988819774624,63.997846960153154,49.997457770440825,50.00156995859037,40,5,59.998988819774624,63.997846960153154,60,64.0
134,11.166666666666666,59.999226413877594,63.99828459447615,49.998358321858916,50.000962784443274,40,5,59.999226413877594,63.99828459447615,60,64.0
135,11.25,59.99942497154495,63.9986649834556,49.99891134845735,50.00064039656625,40,5,59.99942497154495,63.9986649834556,60,64.0
136,11.333333333333334,59.999587081026384,63.99898746044611,49.99921529977965,50.00051298660816,40,5,59.999587081026384,63.99898746044611,60,64.0
137,11.416666666666666,59.99971634249863,63.99925448873454,49.99934822439832,50.00051110609025,40,5,59.99971634249863,63.99925448873454,60,64.0
138,11.5,59.99981686176715,63.99947054036385,49.99937047016708,50.00058254920743,40,5,59.99981686176715,63.99947054036385,60,64.0
139,11.583333333333334,59.999892880982955,63.99964122940756,49.99932741004954,50.00068936354083,40,5,59.999892880982955,63.99964122940756,60,64.0
140,11.666666666666666,59.9999485205026,63.99977266304356,49.99925204755848,50.000805099929565,40,5,59.9999485205026,63.99977266304356,60,64.0
141,11.75,59.99998760918615,63.99987097426037,49.99916740852021,50.000912365080595,40,5,59.99998760918615,63.99987097426037,60,64.0
142,11.833333333333334,60.000013583466256,63.99994200222443,49.99908866643448,50.001000704674325,40,5,60.000013583466256,63.99994200222443,60,64.0
143,11.916666666666666,60.00002943842171,63.99999108958497,49.99902497900191,50.00106481890088,40,5,60.00002943842171,63.99999108958497,60,64.0
144,12.0,60.00003771682463,64.00002296978923,49.998981035190084,50.00110309469939,40,5,60.00003771682463,64.00002296978923,60,64.0
145,12.083333333333334,60.00004052466528,64.00004172145299,49.998958327109655,50.00111642778196,40,5,60.00004052466528,64.00004172145299,60,64.0
146,12.166666666666666,60.000039563956605,64.00005077071755,49.998956170402096,50.00110730131424,40,5,60.000039563956605,64.00005077071755,60,64.0
147,12.25,60.00003617565416,64.00005292615029,49.99897250207709,50.00107908559945,40,5,60.00003617565416,64.00005292615029,60,64.0
148,12.333333333333334,60.00003138728166,64.0000504340085,49.999004486808964,50.001035523247246,40,5,60.00003138728166,64.0000504340085,60,64.0
149,12.416666666666666,60.00002596132951,64.00004504453184,49.99904896256095,50.0009803661996,40,5,60.00002596132951,64.00004504453184,60,64.0
150,12.5,60.000020441704294,64.0000380823459,49.999102754694256,50.0009171340301,40,5,60.000020441704294,64.0000380823459,60,64.0
151,12.583333333333334,60.00001519647413,64.00003051605809,49.99916288510708,50.000848966530945,40,5,60.00001519647413,64.00003051605809,60,64.0
152,12.666666666666666,60.00001045590441,64.0000230237414,49.99922669977571,50.00077854746458,40,5,60.00001045590441,64.0000230237414,60,64.0
153,12.75,60.00000634534091,64.00001605226804,49.999291934741834,50.000708080144065,40,5,60.00000634534091,64.00001605226804,60,64.0
154,12.833333333333334,60.00000291290383,64.00000986942229,49.999356737287684,50.000639299082856,40,5,60.00000291290383,64.00000986942229,60,64.0
155,12.916666666666666,60.000000152234044,64.00000460843485,49.99941965594364,50.000573505186104,40,5,60.000000152234044,64.00000460843485,60,64.0
156,13.0,59.9999980207101,64.0000003050837,49.99947961016815,50.000511614796004,40,5,59.9999980207101,64.0000003050837,60,64.0
157,13.083333333333334,59.99999645365311,63.99999692784184,49.99953584808177,50.00045421532484,40,5,59.99999645365311,63.99999692784184,60,64.0
158,13.166666666666666,59.99999537507729,63.9999944017553,49.99958789852991,50.000401622235046,40,5,59.99999537507729,63.9999944017553,60,64.0
159,13.25,59.99999470554286,63.99999262683766,49.99963552201004,50.00035393375568,40,5,59.99999470554286,63.99999262683766,60,64.0
160,13.333333333333334,59.999994367638415,63.999991491797324,49.999678663571075,50.00031108103001,40,5,59.999994367638415,63.999991491797324,60,64.0
161,13.416666666666666,59.99999428957304,63.99999088389176,49.999717409679306,50.00027287238013,40,5,59.99999428957304,63.99999088389176,60,64.0
162,13.5,59.9999944073014,63.99999069564756,49.99975195017618,50.00023903112199,40,5,59.9999944073014,63.99999069564756,60,64.0
163,13.583333333333334,59.99999466554507,63.99999082910932,49.999782545814355,50.00020922689579,40,5,59.99999466554507,63.99999082910932,60,64.0
164,13.666666666666666,59.99999501801345,63.99999119819477,49.99980950139681,50.000183100838726,40,5,59.99999501801345,63.99999119819477,60,64.0
165,13.75,59.999995427071426,63.999991729645686,49.99983314423462,50.00016028515174,40,5,59.999995427071426,63.999991729645686,60,64.0
166,13.833333333333334,59.9999958630501,63.99999236297937,49.999853807437916,50.000140417743076,40,5,59.9999958630501,63.99999236297937,60,64.0
167,13.916666666666666,59.99999630335224,63.99999304976674,49.99987181745609,50.00012315266944,40,5,59.99999630335224,63.99999304976674,60,64.0
168,14.0,59.99999673146602,63.99999375249323,49.999887485232975,50.00010816710171,40,5,59.99999673146602,63.99999375249323,60,64.0
169,14.083333333333334,59.999997135968584,63.99999444319759,49.999901100353924,50.000095165490805,40,5,59.999997135968584,63.99999444319759,60,64.0
170,14.166666666666666,59.99999750957553,63.9999951020325,49.99991292760133,50.00008388154593,40,5,59.99999750957553,63.9999951020325,60,64.0
171,14.25,59.999997848271455,63.99999571584854,49.99992320538218,50.00007407856641,40,5,59.999997848271455,63.99999571584854,60,64.0
172,14.333333333333334,59.99999815054186,63.9999962768691,49.999932145568614,50.00006554858112,40,5,59.99999815054186,63.9999962768691,60,64.0
173,14.416666666666666,59.999998416714234,63.9999967814972,49.99993993435448,50.00005811067435,40,5,59.999998416714234,63.9999967814972,60,64.0
174,14.5,59.999998648408244,63.99999722927526,49.99994673380326,50.00005160880194,40,5,59.999998648408244,63.99999722927526,60,64.0
175,14.583333333333334,59.999998848089156,63.99999762200379,49.99995268382452,50.00004590933554,40,5,59.999998848089156,63.99999762200379,60,64.0
176,14.666666666666666,59.99999901871515,63.999997963015026,49.999957904375435,50.000040898514634,40,5,59.99999901871515,63.999997963015026,60,64.0
177,14.75,59.9999991634672,63.99999825659038,49.99996249773212,50.00003647993716,40,5,59.9999991634672,63.99999825659038,60,64.0
178,14.833333333333334,59.99999928554959,63.9999985075068,49.99996655072072,50.000032572177304,40,5,59.99999928554959,63.9999985075068,60,64.0
179,14.916666666666666,59.9999993880492,63.999998720695146,49.999970136828026,50.00002910659142,40,5,59.9999993880492,63.999998720695146,60,64.0
180,15.0,59.99999947384234,63.999998900993035,49.99997331814585,50.00002602534063,40,5,59.99999947384234,63.999998900993035,60,64.0
181,15.083333333333334,59.99999952058612,63.99999905297552,50.99997330208515,49.00002601898373,40,5,59.99999952058612,63.99999905297552,60,67
182,15.166666666666666,59.99999954162449,64.03687699648053,51.999973276069156,48.000026014022424,40,5,59.99999954162449,64.03687699648053,60,67
183,15.25,59.99999954497589,64.10586130445803,52.99997323893225,47.00002601130442,40,5,59.99999954497589,64.10586130445803,60,67
184,15.333333333333334,59.99999953471741,64.20280123874731,53.99997318794025,46.00002601023302,40,5,59.99999953471741,64.20280123874731,60,67
185,15.416666666666666,59.99999951244564,64.32408564684967,54.99997311891316,45.000026011276475,40,5,59.99999951244564,64.32408564684967,60,67
186,15.5,59.99999947736245,64.46657249497335,55.99997302351994,44.00002601528316,40,5,59.99999947736245,64.46657249497335,60,67
187,15.583333333333334,59.99999942506398,64.62752763837126,56.99997288370623,43.000026023704,40,5,59.99999942506398,64.62752763837126,60,67
188,15.666666666666666,59.99999934220701,64.80457161432257,57.999972651592046,42.00002603921366,40,5,59.99999934220701,64.80457161432257,60,67
189,15.75,59.99999917144454,64.99563340317872,58.99997211290826,41.000026067450314,40,5,59.99999917144454,64.99563340317872,60,67
190,15.833333333333334,59.99394613968967,65.19891024133518,59.97433292169158,40.000026123405206,40,5,59.99394613968967,65.19891024133518,60,67
191,15.916666666666666,59.942559923195546,65.41270633218524,60.772221016894875,39.00002627401487,40,5,59.942559923195546,65.41270633218524,60,67
192,16.0,59.835973795630466,65.63479873053417,61.39547118846583,38.057315329381375,40,5,59.835973795630466,65.63479873053417,60,67
193,16.083333333333332,59.759104719390564,65.86140983951539,61.840590347955974,37.5604288074384,40,5,59.759104719390564,65.86140983951539,60,67
194,16.166666666666668,59.731748704063925,66.07680834022347,62.115966831339584,37.36666578252052,40,5,59.731748704063925,66.07680834022347,60,67
195,16.25,59.74575394667911,66.27193393724916,62.2425434958125,37.36969474634559,40,5,59.74575394667911,66.27193393724916,60,67
196,16.333333333333332,59.78508707082196,66.44241284522609,62.248996039581186,37.493868708645124,40,5,59.78508707082196,66.44241284522609,60,67
197,16.416666666666668,59.83499461785812,66.58699666884124,62.16631447311156,37.68689687070217,40,5,59.83499461785812,66.58699666884124,60,67
198,16.5,59.88504878938639,66.70641707192092,62.02370849537099,37.913303168968056,40,5,59.88504878938639,66.70641707192092,60,67
199,16.583333333333332,59.92924182465234,66.80258146637891,61.84621677072943,38.14939177427736,40,5,59.92924182465234,66.80258146637891,60,67
200,16.666666666666668,59.964969152652614,66.87802403882066,61.65374267162481,38.37966169062489,40,5,59.964969152652614,66.87802403882066,60,67
201,16.75,59.9918332028525,66.93553861113001,61.46105856789945,38.59434806088144,40,5,59.9918332028525,66.93553861113001,60,67
202,16.833333333333332,60.01065295992266,66.9779378820275,61.27835833924794,38.7877475008871,40,5,60.01065295992266,66.9779378820275,60,67
203,16.916666666666668,60.02277547996896,67.00789999123265,61.11204820555177,38.957055582591074,40,5,60.02277547996896,67.00789999123265,60,67
204,17.0,60.02965736017673,67.02787577002435,60.96557894152702,39.10153062146241,40,5,60.02965736017673,67.02787577002435,60,67
205,17.083333333333332,60.03264408192114,67.0400385691351,60.840211401198424,39.22186875849536,40,5,60.03264408192114,67.0400385691351,60,67
206,17.166666666666668,60.03287651737306,67.04626409308511,60.735667470936576,39.319723887807925,40,5,60.03287651737306,67.04626409308511,60,67
207,17.25,60.031270148784024,67.04813120278646,60.65065472807548,39.39733517377383,40,5,60.031270148784024,67.04813120278646,60,67
208,17.333333333333332,60.02853059986653,67.04693695252335,60.58327219022012,39.45724047881541,40,5,60.02853059986653,67.04693695252335,60,67
209,17.416666666666668,60.02518373157578,67.04372072312614,60.53131289873121,39.50206135778628,40,5,60.02518373157578,67.04372072312614,60,67
210,17.5,60.02160869117674,67.03929350744346,60.49248134639206,39.53434829953581,40,5,60.02160869117674,67.03929350744346,60,67
211,17.583333333333332,60.01806854091783,67.03426935891265,60.464542967590944,39.556476066146345,40,5,60.01806854091783,67.03426935891265,60,67
212,17.666666666666668,60.01473653715102,67.02909680501772,60.44542083956577,39.57057961553661,40,5,60.01473653715102,67.02909680501772,60,67
213,17.75,60.01171781262817,67.02408868668148,60.43325233581577,39.57852177524976,40,5,60.01171781262817,67.02408868668148,60,67
214,17.833333333333332,60.00906690118208,67.01944942582709,60.42641616454713,39.58188473024377,40,5,60.00906690118208,67.01944942582709,60,67
215,17.916666666666668,60.00680173210695,67.01529915518294,60.42353818075117,39.581978464884884,40,5,60.00680173210695,67.01529915518294,60,67
216,18.0,60.00491469788449,67.01169447632803,60.42348261462963,39.579860461698644,40,5,60.00491469788449,67.01169447632803,60,67
217,18.083333333333332,60.00338130962462,67.00864585553889,60.42533389326164,39.57636210789796,40,5,60.00338130962462,67.00864585553889,60,67
218,18.166666666666668,60.00216686300609,67.00613183538562,60.428373013205274,39.572118321344746,40,5,60.00216686300609,67.00613183538562,60,67
219,18.25,60.00123146373452,67.00411034693813,60.43205141577024,39.56759783638399,40,5,60.00123146373452,67.00411034693813,60,67
220,18.333333333333332,60.000533706610575,67.00252746607562,60.43596449507642,39.56313236847845,40,5,60.000533706610575,67.00252746607562,60,67
221,18.416666666666668,60.000033261015744,67.00132397967982,60.439826207191985,39.558943504629056,40,5,60.000033261015744,67.00132397967982,60,67
222,18.5,59.99969258241543,67.0004401237149,60.4434457251853,39.555166655429595,40,5,59.99969258241543,67.0004401237149,60,67
223,18.583333333333332,59.99947794044403,66.9998188338366,60.44670668043381,39.55187177142487,40,5,59.99947794044403,66.9998188338366,60,67
224,18.666666666666668,59.999359927209184,66.99940781697396,60.44954922696601,39.549080790543904,40,5,59.999359927209184,66.99940781697396,60,67
225,18.75,59.99931358393238,66.9991607144498,60.45195494619591,39.546781963879674,40,5,59.99931358393238,66.9991607144498,60,67
226,18.833333333333332,59.99931825999913,66.99903758745648,60.453934458638926,39.5449413215749,40,5,59.99931825999913,66.99903758745648,60,67
227,18.916666666666668,59.999357296303884,66.99900491675236,60.45551751308865,39.54351160447236,40,5,59.999357296303884,66.99900491675236,60,67
228,19.0,59.99941760484471,66.99903527206175,60.456745269908986,39.54243901359679,40,5,59.99941760484471,66.99903527206175,60,67
229,19.083333333333332,59.99948919912559,66.9991067739082,60.45766447293426,39.54166812920885,40,5,59.99948919912559,66.9991067739082,60,67
230,19.166666666666668,59.99956471516812,66.99920244201783,60.45832320505921,39.54114533277538,40,5,59.99956471516812,66.99920244201783,60,67
231,19.25,59.999638950768926,66.9993095001404,60.458767938679614,39.54082103550076,40,5,59.999638950768926,66.9993095001404,60,67
232,19.333333333333332,59.9997084408937,66.99941868702403,60.459041617923475,39.540650981259496,40,5,59.9997084408937,66.99941868702403,60,67
233,19.416666666666668,59.99977107952411,66.99952360704438,60.45918254072396,39.54059685361298,40,5,59.99977107952411,66.99952360704438,60,67
234,19.5,59.99982579257897,66.99962014122511,60.459223841855234,39.540626378860125,40,5,59.99982579257897,66.99962014122511,60,67
235,19.583333333333332,59.99987226241696,66.99970592964065,60.459193410795024,39.540713081533596,40,5,59.99987226241696,66.99970592964065,60,67
236,19.666666666666668,59.999910701604705,66.99977992899902,60.459114109106046,39.540835816535775,40,5,59.999910701604705,66.99977992899902,60,67
237,19.75,59.999941671833824,66.99984204411658,60.45900417993457,39.54097817382991,40,5,59.999941671833824,66.99984204411658,60,67
238,19.833333333333332,59.99996594286043,66.9998928286043,60.45887776675144,39.54112782742231,40,5,59.99996594286043,66.9998928286043,60,67
239,19.916666666666668,59.999984385918886,66.99993324801972,60.458745479380994,39.54127588025951,40,5,59.999984385918886,66.99993324801972,60,67
240,20.0,59.99999789606153,66.99996449768142,60.458614962798066,39.54141624031263,40,5,59.99999789606153,66.99996449768142,60,67
241,20.083333333333332,60.00000733816187,66.99998786702633,60.458491438297706,39.54154505020833,40,5,60.00000733816187,66.99998786702633,60,67
242,20.166666666666668,60.00001351178476,67.00000464259234,60.45837819781741,39.541660182829006,40,5,60.00001351178476,67.00000464259234,60,67
243,20.25,60.00001713069097,67.00001604225423,60.45827704078061,39.54176080790844,40,5,60.00001713069097,67.00001604225423,60,67
244,20.333333333333332,60.00001881334465,67.00002317409145,60.458188649208985,39.541847029366494,40,5,60.00001881334465,67.00002317409145,60,67
245,20.416666666666668,60.00001908138856,67.00002701411752,60.4581129014092,39.5419195895518,40,5,60.00001908138856,67.00002701411752,60,67
246,20.5,60.00001836361276,67.00002839797655,60.458049127617755,39.54197963432484,40,5,60.00001836361276,67.00002839797655,60,67
247,20.583333333333332,60.000017003452314,67.00002802256031,60.4579963129114,39.542028531710244,40,5,60.000017003452314,67.00002802256031,60,67
248,20.666666666666668,60.00001526849629,67.00002645428374,60.45795325371264,39.542067736407034,40,5,60.00001526849629,67.00002645428374,60,67
249,20.75,60.00001336087303,67.00002414145814,60.457918674605516,39.54209869253281,40,5,60.00001336087303,67.00002414145814,60,67
250,20.833333333333332,60.0000114276948,67.00002142881075,60.45789131206396,39.54212276745596,40,5,60.0000114276948,67.00002142881075,60,67
251,20.916666666666668,60.00000957100372,67.00001857271292,60.45786997131466,39.54214121022761,40,5,60.00000957100372,67.00001857271292,60,67
252,21.0,60.00000785686504,67.00001575610379,60.45785356193798,39.54215512894592,40,5,60.00000785686504,67.00001575610379,60,67
253,21.083333333333332,60.00000632341134,67.00001310243616,60.45784111712842,39.54216548220739,40,5,60.00000632341134,67.00001310243616,60,67
254,21.166666666666668,60.00000498775812,67.00001068823728,60.45783180080648,39.54217308062105,40,5,60.00000498775812,67.00001068823728,60,67
255,21.25,60.00000385179519,67.00000855407957,60.457824906061106,39.542178595130565,40,5,60.00000385179519,67.00000855407957,60,67
256,21.333333333333332,60.00000290691452,67.00000671390349,60.457819847740396,39.542182569570414,40,5,60.00000290691452,67.00000671390349,60,67
257,21.416666666666668,60.00000213777069,67.00000516273857,60.45781615141372,39.54218543548624,40,5,60.00000213777069,67.00000516273857,60,67
258,21.5,60.000001525189646,67.0000038829366,60.45781344040393,39.54218752776195,40,5,60.000001525189646,67.0000038829366,60,67
259,21.583333333333332,60.00000104834768,67.00000284907092,60.45781142214935,39.5421891000149,40,5,60.00000104834768,67.00000284907092,60,67
260,21.666666666666668,60.00000068634171,67.0000020316757,60.45780987479017,39.54219033906247,40,5,60.00000068634171,67.0000020316757,60,67
261,21.75,60.00000047206639,67.00000140000294,59.45780989085097,40.542190345419364,40,5,60.00000047206639,67.00000140000294,60,64
262,21.833333333333332,60.000000349415025,66.96312304597743,58.45780991686704,41.54219035038065,40,5,60.000000349415025,66.96312304597743,60,64
263,21.916666666666668,60.00000028443224,66.89413838688249,57.45780995400403,42.54219035309864,40,5,60.00000028443224,66.89413838688249,60,64
264,22.0,60.00000025730943,66.7971981524711,56.45781000499618,43.542190354170025,40,5,60.00000025730943,66.7971981524711,60,64
265,22.083333333333332,60.00000025690835,66.67591348800602,55.4578100740235,44.54219035312656,40,5,60.00000025690835,66.67591348800602,60,64
266,22.166666666666668,60.00000027823984,66.53342642105335,54.45781016941706,45.54219034911984,40,5,60.00000027823984,66.53342642105335,60,64
267,22.25,60.000000322197614,66.37247109100544,53.45781030923138,46.54219034069896,40,5,60.000000322197614,66.37247109100544,60,64
268,22.333333333333332,60.000000399996004,66.19542695597883,52.45781054134692,47.54219032518923,40,5,60.000000399996004,66.19542695597883,60,64
269,22.416666666666668,60.00000056769169,66.00436503166448,51.457811080036784,48.54219029695245,40,5,60.00000056769169,66.00436503166448,60,64
270,22.5,60.006053981243326,65.80108807826632,50.483451896356506,49.542190240997236,40,5,60.006053981243326,65.80108807826632,60,64
271,22.583333333333332,60.057440792578966,65.58729189747962,49.685565339902595,50.54219009038611,40,5,60.057440792578966,65.58729189747962,60,64
272,22.666666666666668,60.1640267593576,65.3651994307233,49.062316694411415,51.48489729963568,40,5,60.1640267593576,65.3651994307233,60,64
273,22.75,60.24089547145003,65.13858839128297,48.61719897200201,51.98178125511911,40,5,60.24089547145003,65.13858839128297,60,64
274,22.833333333333332,60.268251164941454,64.92319004191748,48.341823743634144,52.17554259733604,40,5,60.268251164941454,64.92319004191748,60,64
275,22.916666666666668,60.25424571933584,64.72806463800353,48.215248092424495,52.17251258726123,40,5,60.25424571933584,64.72806463800353,60,64
276,23.0,60.214912507939424,64.55758593778725,48.208796302082206,52.048338023458804,40,5,60.214912507939424,64.55758593778725,60,64
277,23.083333333333332,60.165004957885,64.41300231907769,48.291478376699715,51.85530956463719,40,5,60.165004957885,64.41300231907769,60,64
278,23.166666666666668,60.1149508330878,64.29358210739058,48.43408465145289,51.62890317505761,40,5,60.1149508330878,64.29358210739058,60,64
279,23.25,60.070757866909034,64.19741788488939,48.61157650432354,51.39281461410088,40,5,60.070757866909034,64.19741788488939,60,64
280,23.333333333333332,60.035030612172825,64.12197546225589,48.80405060551599,51.16254482850335,40,5,60.035030612172825,64.12197546225589,60,64
281,23.416666666666668,60.00816662914495,64.06446101702966,48.9967346235252,50.947858640264876,40,5,60.00816662914495,64.06446101702966,60,64
282,23.5,59.98934692851557,64.02206185129934,49.179434710611076,50.75445940832261,40,5,59.98934692851557,64.02206185129934,60,64
283,23.583333333333332,59.97722445303556,63.99209982701336,49.345744672020594,50.585151542675014,40,5,59.97722445303556,63.99209982701336,60,64
284,23.666666666666668,59.970342606267735,63.97212411504659,49.492213751815164,50.44067671518175,40,5,59.970342606267735,63.97212411504659,60,64
285,23.75,59.967355908423635,63.95996136704094,49.617581109295585,50.32033877632202,40,5,59.967355908423635,63.95996136704094,60,64
286,23.833333333333332,59.96712348914267,63.95373588088411,49.72212486698627,50.222483826674306,40,5,59.96712348914267,63.95373588088411,60,64
287,23.916666666666668,59.96872986789085,63.95186879797676,49.80713745299229,50.14487269905007,40,5,59.96872986789085,63.95186879797676,60,64
288,24.0,59.971469422446425,63.9530630661684,49.874519852549064,50.08496753008854,40,5,59.971469422446425,63.9530630661684,60,64
289,24.083333333333332,59.97481629308367,63.95627930653384,49.926479025252476,50.04014676535741,40,5,59.97481629308367,63.95627930653384,60,64
290,24.166666666666668,59.97839133351936,63.96070652787801,49.96531047796547,50.007859917360776,40,5,59.97839133351936,63.96070652787801,60,64
291,24.25,59.98193148227072,63.96573067816172,49.99324877508445,49.985732225952496,40,5,59.98193148227072,63.96573067816172,60,64
292,24.333333333333332,59.98526348357123,63.97090323105384,50.01237083764028,49.97162873545792,40,5,59.98526348357123,63.97090323105384,60,64
293,24.416666666666668,59.9882822051073,63.97591134655827,50.02453929014194,49.963686620677926,40,5,59.9882822051073,63.97591134655827,60,64
294,24.5,59.99093311336615,63.98055060347706,50.0313754223162,49.960323698951186,40,5,59.99093311336615,63.98055060347706,60,64
295,24.583333333333332,59.99319827927924,63.98470086963252,50.034253377157846,49.96022998805911,40,5,59.99319827927924,63.98470086963252,60,64
296,24.666666666666668,59.99508531051647,63.98830554384919,50.034308922590284,49.96234800741331,40,5,59.99508531051647,63.98830554384919,60,64
297,24.75,59.99661869606202,63.99135416013316,50.03245762984761,49.96584637149683,40,5,59.99661869606202,63.99135416013316,60,64
298,24.833333333333332,59.99783314028756,63.993868176100115,50.02941850089805,49.97009016389317,40,5,59.99783314028756,63.993868176100115,60,64
299,24.916666666666668,59.99876853750564,63.995889660790425,50.025740093178264,49.97461065145852,40,5,59.99876853750564,63.995889660790425,60,64
300,25.0,59.99946629291087,63.99747253837816,50.02182701152582,49.979076119705866,40,5,59.99946629291087,63.99747253837816,60,64
301,25.083333333333332,59.99996673710166,63.99867602199323,50.01796529902792,49.98326498240597,40,5,59.99996673710166,63.99867602199323,60,64
302,25.166666666666668,60.000307414582934,63.999559875654235,50.01434578194836,49.98704182955883,40,5,60.000307414582934,63.999559875654235,60,64
303,25.25,60.00052205568562,64.00018116366938,50.0110848283952,49.9903367110635,40,5,60.00052205568562,64.00018116366938,60,64
304,25.333333333333332,60.00064006826579,64.0005921790627,50.008242283955745,49.99312768931044,40,5,60.00064006826579,64.0005921790627,60,64
305,25.416666666666668,60.00068641106633,64.00083928045936,50.005836566939436,49.9954265134257,40,5,60.00068641106633,64.00083928045936,60,64
306,25.5,60.00068173466844,64.0009624066142,50.00385705664016,49.99726715340767,40,5,60.00068173466844,64.0009624066142,60,64
307,25.583333333333332,60.00064269814762,64.00099507671825,50.002274004143295,49.99869686849291,40,5,60.00064269814762,64.00099507671825,60,64
308,25.666666666666668,60.00058238947955,64.00096472100063,50.00104624901612,49.9997694576914,40,5,60.00058238947955,64.00096472100063,60,64
309,25.75,60.000510795137835,64.00089321889638,50.000127047394265,50.000540340745204,40,5,60.000510795137835,64.00089321889638,60,64
310,25.833333333333332,60.0004352790823,64.0007975506436,49.99946831637924,50.00106313616994,40,5,60.0004352790823,64.0007975506436,60,64
311,25.916666666666668,60.00036104350129,64.0006904924624,49.999023583591644,50.001387432729004,40,5,60.00036104350129,64.0006904924624,60,64
312,26.0,60.000291553417235,64.0005813055799,49.99874990493107,50.00155748650859,40,5,60.000291553417235,64.0005813055799,60,64
313,26.083333333333332,60.00022891483933,64.00047638560063,49.99860898249661,50.00161161390688,40,5,60.00022891483933,64.00047638560063,60,64
314,26.166666666666668,60.000174201842,64.00037985148545,49.99856768155098,50.001582088582865,40,5,60.000174201842,64.00037985148545,60,64
315,26.25,60.00012773206176,64.00029406314822,49.99859811265116,50.00149538596624,40,5,60.00012773206176,64.00029406314822,60,64
316,26.333333333333332,60.000089292928706,64.00022006387236,49.99867741426715,50.001372651120334,40,5,60.000089292928706,64.00022006387236,60,64
317,26.416666666666668,60.00005832274917,64.00015794883552,49.99878734328192,50.00123029405244,40,5,60.00005832274917,64.00015794883552,60,64
318,26.5,60.000034051765965,64.00010716442276,49.998913756250964,50.00108064073055,40,5,60.000034051765965,64.00010716442276,60,64
319,26.583333333333332,60.0000156087443,64.00006674507424,49.99904604337069,50.00093258818841,40,5,60.0000156087443,64.00006674507424,60,64
320,26.666666666666668,60.00000209863189,64.00003549547023,49.99917655968314,50.000792228439344,40,5,60.00000209863189,64.00003549547023,60,64
321,26.75,59.99999265655567,64.00001212617352,49.99930008390711,50.00066341884454,40,5,59.99999265655567,64.00001212617352,60,64
322,26.833333333333332,59.99998648295139,63.99999535064655,49.999413324115636,50.00054828651248,40,5,59.99998648295139,63.99999535064655,60,64
323,26.916666666666668,59.99998286405899,63.99998395101527,49.999514480892245,50.00044766170393,40,5,59.99998286405899,63.99998395101527,60,64
324,27.0,59.99998118141504,63.99997681920115,49.99960287222027,50.00036144049519,40,5,59.99998118141504,63.99997681920115,60,64
325,27.083333333333332,59.999980913377506,63.99997297919175,49.9996786197962,50.00028888053575,40,5,59.999980913377506,63.99997297919175,60,64
326,27.166666666666668,59.99998163115699,63.99997159534401,49.999742393384864,50.00022883596473,40,5,59.99998163115699,63.99997159534401,60,64
327,27.25,59.99998299131904,63.99997197076715,49.99979520791052,50.00017993875732,40,5,59.99998299131904,63.99997197076715,60,64
328,27.333333333333332,59.99998472627511,63.999973539047204,49.99983826694916,50.00014073421677,40,5,59.99998472627511,63.999973539047204,60,64
329,27.416666666666668,59.99998663389735,63.99997585187366,49.99987284591681,50.00010977822598,40,5,59.99998663389735,63.99997585187366,60,64
330,27.5,59.99998856707381,63.999978564520006,49.99990020833701,50.00008570341933,40,5,59.99998856707381,63.999978564520006,60,64
331,27.583333333333332,59.99999042376265,63.99998142061547,49.999921548981504,50.00006726074756,40,5,59.99999042376265,63.99998142061547,60,64
332,27.666666666666668,59.999992137898865,63.99998423722137,49.999937958268404,50.00005334211433,40,5,59.999992137898865,63.99998423722137,60,64
333,27.75,59.99999367135007,63.99998689088531,49.99995040300114,50.00004298892547,40,5,59.99999367135007,63.99998689088531,60,64
334,27.833333333333332,59.99999500700085,63.9999893050803,49.99995971925751,50.00003539057341,40,5,59.99999500700085,63.9999893050803,60,64
335,27.916666666666668,59.99999614296145,63.99999143923413,49.99996661394732,50.0000298761159,40,5,59.99999614296145,63.99999143923413,60,64
336,28.0,59.99999708784,63.9999932794065,49.99997167222066,50.00002590172038,40,5,59.99999708784,63.9999932794065,60,64
337,28.083333333333332,59.99999785698191,63.99999483056797,49.99997536850712,50.00002303584212,40,5,59.99999785698191,63.99999483056797,60,64
338,28.166666666666668,59.99999846956125,63.999996110366816,49.99997807948267,50.00002094359833,40,5,59.99999846956125,63.999996110366816,60,64
339,28.25,59.999998946401746,63.99999714422971,49.999980097708075,50.00001937137274,40,5,59.999998946401746,63.99999714422971,60,64
340,28.333333333333332,59.99999930840649,63.999997961622505,49.99998164504229,50.00001813234867,40,5,59.99999930840649,63.999997961622505,60,64
341,28.416666666666668,59.99999923921022,63.999998593293185,50.999980324796795,49.000018229444066,37,5,59.99999923921022,63.999998593293185,60,64
342,28.5,59.999998187699845,64.03687693758464,51.9999759217663,48.0000183562383,37,5,59.999998187699845,64.03687693758464,60,64
343,28.583333333333332,59.99066952082149,64.1058615622802,52.96046384804223,47.00001854534192,37,5,59.99066952082149,64.1058615622802,60,64
344,28.666666666666668,59.95700070754057,63.876322375978226,53.841815078876,46.00001897296056,37,5,59.95700070754057,63.876322375978226,60,64
345,28.75,59.8955014289587,63.72970868733591,54.62506141185688,45.04277301305047,37,5,59.8955014289587,63.72970868733591,60,64
346,28.833333333333332,59.84327933515882,63.6503671056409,55.29336005845337,44.31127208586088,37,5,59.84327933515882,63.6503671056409,60,64
347,28.916666666666668,59.81308745321844,63.61929254355374,55.83888175788007,43.77202965189764,37,5,59.81308745321844,63.61929254355374,60,64
348,29.0,59.805040705452235,63.62144159396988,56.26338727636,43.39100720928486,37,5,59.805040705452235,63.62144159396988,60,64
349,29.083333333333332,59.814043270625966,63.64519469251412,56.57613481297456,43.13706630630687,37,5,59.814043270625966,63.64519469251412,60,64
350,29.166666666666668,59.833888837301494,63.681784351259004,56.79107837438101,42.98305606044622,37,5,59.833888837301494,63.681784351259004,60,64
351,29.25,59.859160081989586,63.724763099007326,56.92432421096216,42.90586838259542,37,5,59.859160081989586,63.724763099007326,60,64
352,29.333333333333332,59.88585211401016,63.76953756666083,56.99220505121819,42.88612448781629,37,5,59.88585211401016,63.76953756666083,60,64
353,29.416666666666668,59.91135706610789,63.81297266702059,57.01000906806641,42.90777893000333,37,5,59.91135706610789,63.81297266702059,60,64
354,29.5,59.93419471337487,63.85306076084472,56.99125935819256,42.95773866096731,37,5,59.93419471337487,63.85306076084472,60,64
355,29.583333333333332,59.95369280383068,63.88864812000713,56.947400420697065,43.02551457078459,37,5,59.95369280383068,63.88864812000713,60,64
356,29.666666666666668,59.969707257087386,63.91921105278167,56.887757722051795,43.1028980146442,37,5,59.969707257087386,63.91921105278167,60,64
357,29.75,59.98240966515194,63.944674881277066,56.81966396127832,43.18365329208393,37,5,59.98240966515194,63.944674881277066,60,64
358,29.833333333333332,59.99213976816095,63.965269805743354,56.748675298210685,43.26322247574222,37,5,59.99213976816095,63.965269805743354,60,64
359,29.916666666666668,59.999309702773424,63.98141835191956,56.678825967087995,43.33844422382975,37,5,59.999309702773424,63.98141835191956,60,64
360,30.0,60.00434537319223,63.99364959481235,56.612888662825675,43.40729105274825,37,5,60.00434537319223,63.99364959481235,60,64
361,30.083333333333332,60.00765267118616,64.00253576160726,56.552621374137416,43.46863004498411,37,5,60.00765267118616,64.00253576160726,60,64
362,30.166666666666668,60.00959955779652,64.00864720285752,56.49899019528896,43.52201092468719,37,5,60.00959955779652,64.00864720285752,60,64
363,30.25,60.01050794638804,64.01252211988917,56.452363347488834,43.567483689221895,37,5,60.01050794638804,64.01252211988917,60,64
364,30.333333333333332,60.0106515122538,64.01464785616267,56.412675207536076,43.605446156107696,37,5,60.0106515122538,64.01464785616267,60,64
365,30.416666666666668,60.01025702427716,64.01545099304454,56.379561311560806,43.63652022743163,37,5,60.01025702427716,64.01545099304454,60,64
366,30.5,60.009507716430555,64.01529392061353,56.352466567628255,43.66145453707,37,5,60.009507716430555,64.01529392061353,60,64
367,30.583333333333332,60.008547770646516,64.01447596553092,56.330729588852385,43.68105044431562,37,5,60.008547770646516,64.01447596553092,60,64
368,30.666666666666668,60.00748731051975,64.01323753733028,56.31364634924329,43.69610801327257,37,5,60.00748731051975,64.01323753733028,60,64
369,30.75,60.00640750432154,64.01176609275869,56.300516397374984,43.70738858505276,37,5,60.00640750432154,64.01176609275869,60,64
370,30.833333333333332,60.005365504618325,64.01020301044007,56.2906747252724,43.71559072179721,37,5,60.005365504618325,64.01020301044007,60,64
371,30.916666666666668,60.00439904248602,64.00865071424373,56.283512143264794,43.72133660144859,37,5,60.00439904248602,64.00865071424373,60,64
372,31.0,60.00353056279675,64.00717958519606,56.27848670123753,43.725166309587266,37,5,60.00353056279675,64.00717958519606,60,64
373,31.083333333333332,60.00277084048889,64.0058343622689,56.27512835675198,43.72753786499287,37,5,60.00277084048889,64.0058343622689,60,64
374,31.166666666666668,60.00212205920413,64.00463985665107,56.273038746088005,43.72883119839994,37,5,60.00212205920413,64.00463985665107,60,64
375,31.25,60.00158036474624,64.0036058973234,56.271887583532354,43.72935465970899,37,5,60.00158036474624,64.0036058973234,60,64
376,31.333333333333332,60.0011379277001,64.0027314930692,56.271406909338275,43.729352946680955,37,5,60.0011379277001,64.0027314930692,60,64
377,31.416666666666668,60.00078456352827,64.00200824232152,56.27138413507812,43.72901562283584,37,5,60.00078456352827,64.00200824232152,60,64
378,31.5,60.00050896593753,64.00142305187137,56.271654600048535,43.72848562308844,37,5,60.00050896593753,64.00142305187137,60,64
379,31.583333333333332,60.00029961170852,64.0009602422807,56.27209415457356,43.72786733443196,37,5,60.00029961170852,64.0009602422807,60,64
380,31.666666666666668,60.00014539385577,64.00060312512632,56.27261212392689,43.727233989320254,37,5,60.00014539385577,64.00060312512632,60,64
381,31.75,60.000036036121195,64.00033513765356,56.27314487732477,43.72663422570929,37,5,60.000036036121195,64.00033513765356,60,64
382,31.833333333333332,59.99996233638817,64.00014061622616,56.27365012630384,43.72609775483914,37,5,59.99996233638817,64.00014061622616,60,64
383,31.916666666666668,59.9999162804079,64.00000528284271,56.27410200178747,43.725640140523865,37,5,59.9999162804079,64.00000528284271,60,64
384,32.0,59.99989106083423,63.999916510266445,56.2744869051559,43.72526673652846,37,5,59.99989106083423,63.999916510266445,60,64
385,32.083333333333336,59.99988103037061,63.99986342195889,56.27480009184825,43.724975855602175,37,5,59.99988103037061,63.99986342195889,60,64
386,32.166666666666664,59.999881612108524,63.99983687371267,56.27504292284797,43.72476125857541,37,5,59.999881612108524,63.99983687371267,60,64
387,32.25,59.99988918503353,63.99982935511092,56.275220706759754,43.72461405766119,37,5,59.99988918503353,63.99982935511092,60,64
388,32.333333333333336,59.99990095826279,63.999834840988704,56.27534105037961,43.72452412733037,37,5,59.99990095826279,63.999834840988704,60,64
389,32.416666666666664,59.99991484386729,63.99984861608881,56.275412636467806,43.724481110939536,37,5,59.99991484386729,63.99984861608881,60,64
390,32.5,59.99992933509157,63.99986709014417,56.27544435204329,43.724475103336715,37,5,59.99992933509157,63.99986709014417,60,64
391,32.583333333333336,59.99994339435918,63.99988761566405,56.2754446975048,43.724497080223436,37,5,59.99994339435918,63.99988761566405,60,64
392,32.666666666666664,59.99995635357051,63.99990831668786,56.275421415126736,43.72453913507001,37,5,59.99995635357051,63.99990831668786,60,64
393,32.75,59.99996782778743,63.99992793360583,56.27538128418876,43.72459457451936,37,5,59.99996782778743,63.99992793360583,60,64
394,32.833333333333336,59.999977642377736,63.999945686723656,56.27533003857434,43.72465791394328,37,5,59.999977642377736,63.999945686723656,60,64
395,32.916666666666664,59.99998577299152,63.99996115945637,56.27527237072536,43.724724806415495,37,5,59.99998577299152,63.99996115945637,60,64
396,33.0,59.999992297294256,63.9999742007676,56.27521199315248,43.72479193096128,37,5,59.999992297294256,63.9999742007676,60,64
397,33.083333333333336,59.99999735713042,63.999984845622734,56.27515173510016,43.724856859629625,37,5,59.99999735713042,63.999984845622734,60,64
398,33.166666666666664,60.00000112968761,63.9999932517075,56.275093657467096,43.724917917636496,37,5,60.00000112968761,63.9999932517075,60,64
399,33.25,60.00000380623203,63.999999650399765,56.27503917365225,43.724974046530015,37,5,60.00000380623203,63.999999650399765,60,64
400,33.333333333333336,60.00000557705959,64.00000430990335,56.27498916773297,43.72502467689993,37,5,60.00000557705959,64.00000430990335,60,64
401,33.416666666666664,60.000006621425754,64.00000750850522,56.27494410434405,43.72506961450588,37,5,60.000006621425754,64.00000750850522,60,64
402,33.5,60.00000710136017,64.00000951605628,56.274904126919395,43.72510894170757,37,5,60.00000710136017,64.00000951605628,60,64
403,33.583333333333336,60.00000715842592,64.00001058196675,56.27486914267808,43.72514293464258,37,5,60.00000715842592,64.00001058196675,60,64
404,33.666666666666664,60.000006912634774,64.00001092822401,56.27483889398093,43.725171995600945,37,5,60.000006912634774,64.00001092822401,60,64
405,33.75,60.00000646287362,64.00001074616404,56.27481301654542,43.72519659940359,37,5,60.00000646287362,64.00001074616404,60,64
406,33.833333333333336,60.00000588832754,64.0000101959437,56.27479108554987,43.72521725223032,37,5,60.00000588832754,64.0000101959437,60,64
407,33.916666666666664,60.00000525050003,64.00000940786227,56.27477265099116,43.725234461163254,37,5,60.00000525050003,64.00000940786227,60,64
408,34.0,60.000004595528836,64.00000848486015,56.274757263784664,43.72524871270629,37,5,60.000004595528836,64.00000848486015,60,64
409,34.083333333333336,60.00000395657863,64.00000750567939,56.27474449412184,43.72526045861254,37,5,60.00000395657863,64.00000750567939,60,64
410,34.166666666666664,60.00000335615831,64.00000652830288,56.27473394352938,43.72527010749376,37,5,60.00000335615831,64.00000652830288,60,64
411,34.25,60.000002808264284,64.00000559339904,56.27472525194725,43.72527802086748,37,5,60.000002808264284,64.00000559339904,60,64
412,34.333333333333336,60.000002320291955,64.00000472758708,56.27471810098864,43.72528451248711,37,5,60.000002320291955,64.00000472758708,60,64
413,34.416666666666664,60.00000189468889,64.00000394640709,56.27471221438214,43.72528984999161,37,5,60.00000189468889,64.00000394640709,60,64
414,34.5,60.00000153034495,64.00000325693249,56.274707356422866,43.725294258095275,37,5,60.00000153034495,64.00000325693249,60,64
415,34.583333333333336,60.00000122373027,64.0000026600013,56.2747033291127,43.725297922696505,37,5,60.00000122373027,64.0000026600013,60,64
416,34.666666666666664,60.000000969801874,64.00000215207051,56.27469996851648,43.72530099543803,37,5,60.000000969801874,64.00000215207051,60,64
417,34.75,60.00000076270491,64.00000172671619,56.274697140743505,43.725303598366686,37,5,60.00000076270491,64.00000172671619,60,64
418,34.833333333333336,60.00000059629715,64.00000137581353,56.27469473785441,43.72530582844648,37,5,60.00000059629715,64.00000137581353,60,64
419,34.916666666666664,60.00000046452547,64.00000109043664,56.27469267390457,43.725307761762366,37,5,60.00000046452547,64.00000109043664,60,64
420,35.0,60.00000036168148,64.00000086152019,56.274690881263915,43.72530945731615,37,5,60.00000036168148,64.00000086152019,60,64
421,35.083333333333336,60.000000588065724,64.00000068032371,55.27469220150514,44.72530936022096,40,5,60.000000588065724,64.00000068032371,60,64
422,35.166666666666664,60.000001734902526,63.96312268695018,54.274696604480695,45.72530923342703,40,5,60.000001734902526,63.96312268695018,60,64
423,35.25,60.009330398721076,63.89413833078711,53.31420842033489,46.72530904432396,40,5,60.009330398721076,63.89413833078711,60,64
424,35.333333333333336,60.04299915036088,64.12367771648314,52.432856936259306,47.725308616707366,40,5,60.04299915036088,64.12367771648314,60,64
425,35.416666666666664,60.10449849409948,64.27029154778559,51.64961036063685,48.68255525361716,40,5,60.10449849409948,64.27029154778559,60,64
426,35.5,60.156720678221745,64.34963320425607,50.98131150953376,49.414056600505134,40,5,60.156720678221745,64.34963320425607,60,64
427,35.583333333333336,60.18691263175516,64.38070779327727,50.43578966779231,49.95329924798624,40,5,60.18691263175516,64.38070779327727,60,64
428,35.666666666666664,60.19495942038719,64.37855873756608,50.01128408200877,50.33432174706934,40,5,60.19495942038719,64.37855873756608,60,64
429,35.75,60.18595686825445,64.35480561330296,49.698536554611564,50.588262591078546,40,5,60.18595686825445,64.35480561330296,60,64
430,35.833333333333336,60.16611129479579,64.31821591712713,49.483593072086975,50.74227269582082,40,5,60.16611129479579,64.31821591712713,60,64
431,35.916666666666664,60.1408400317179,64.27523712650928,49.350347372299595,50.81946017640886,40,5,60.1408400317179,64.27523712650928,60,64
432,36.0,60.11414797620387,64.23046261493214,49.28246671301713,50.83920383794655,40,5,60.11414797620387,64.23046261493214,60,64
433,36.083333333333336,60.08864299991311,64.18702747253252,49.26466290765365,50.81754914215574,40,5,60.08864299991311,64.18702747253252,60,64
434,36.166666666666664,60.065805330348674,64.1469393403945,49.28341284715355,50.76758914927334,40,5,60.065805330348674,64.1469393403945,60,64
435,36.25,60.04630722076456,64.11135194766848,49.32727202194954,50.69981297841708,40,5,60.04630722076456,64.11135194766848,60,64
436,36.333333333333336,60.03029275196169,64.08078898650726,49.38691495719065,50.62242928125445,40,5,60.03029275196169,64.08078898650726,60,64
437,36.416666666666664,60.017590331842165,64.05532513480559,49.45500894749033,50.54167376316634,40,5,60.017590331842165,64.05532513480559,60,64
438,36.5,60.00786021991872,64.03473019203135,49.52599782845335,50.46210435482379,40,5,60.00786021991872,64.03473019203135,60,64
439,36.583333333333336,60.00069027907496,64.01858163198496,49.59584736281434,50.38688240000589,40,5,60.00069027907496,64.01858163198496,60,64
440,36.666666666666664,59.99565460463187,64.00635037910243,49.66178485388682,50.318035383240264,40,5,59.99565460463187,64.00635037910243,60,64
441,36.75,59.992347304372046,63.99746420560469,49.722052312178754,50.25669622214179,40,5,59.992347304372046,63.99746420560469,60,64
442,36.833333333333336,59.99040041685422,63.991352760352044,49.77568364339941,50.2033151920441,40,5,59.99040041685422,63.991352760352044,60,64
443,36.916666666666664,59.98949202836974,63.987477841467964,49.822310626869275,50.157842294624444,40,5,59.98949202836974,63.987477841467964,60,64
444,37.0,59.989348463337556,63.98535210499558,49.86199888670074,50.11987971111587,40,5,59.989348463337556,63.98535210499558,60,64
445,37.083333333333336,59.9897429526388,63.98454896913537,49.895112887920256,50.08880553801684,40,5,59.9897429526388,63.98454896913537,60,64
446,37.166666666666664,59.99049226211275,63.98470604344205,49.922207723756486,50.06387113996487,40,5,59.99049226211275,63.98470604344205,60,64
447,37.25,59.99145220968016,63.98552400095289,49.94394478244123,50.044275156183495,40,5,59.99145220968016,63.98552400095289,60,64
448,37.333333333333336,59.992512671635296,63.986762431893474,49.96102809130019,50.02921752113958,40,5,59.992512671635296,63.986762431893474,60,64
449,37.416666666666664,59.99359247962594,63.98823387933032,49.974158103042335,50.0179368923806,40,5,59.99359247962594,63.98823387933032,60,64
450,37.5,59.994634481029486,63.98979696450045,49.983999826840666,50.009734706537714,40,5,59.994634481029486,63.98979696450045,60,64
451,37.583333333333336,59.995600944733944,63.99134926343544,49.99116245346232,50.00398878456323,40,5,59.995600944733944,63.99134926343544,60,64
452,37.666666666666664,59.99646942584688,63.99282039504265,49.99618793400794,50.000159039897476,40,5,59.99646942584688,63.99282039504265,60,64
453,37.75,59.99722914942155,63.99416562031022,49.99954631179048,49.99778745290326,40,5,59.99722914942155,63.99416562031022,60,64
454,37.833333333333336,59.99787793181678,63.9953601280297,50.00163595129411,49.996494092105664,40,5,59.99787793181678,63.9953601280297,60,64
455,37.916666666666664,59.99841962723552,63.99639408921586,50.002787138893865,49.99597060696951,40,5,59.99841962723552,63.99639408921586,60,64
456,38.0,59.998862065103616,63.99726849509196,50.00326783490241,49.99597229919617,40,5,59.998862065103616,63.99726849509196,60,64
457,38.083333333333336,59.99921542997164,63.997991747238956,50.00329062823027,49.99630960481082,40,5,59.99921542997164,63.997991747238956,60,64
458,38.166666666666664,59.999491028147006,63.99857693888446,50.003020179986976,49.996839588518796,40,5,59.999491028147006,63.99857693888446,60,64
459,38.25,59.99970038286339,63.99903974948757,50.002580640190274,49.99745786300944,40,5,59.99970038286339,63.99903974948757,60,64
460,38.333333333333336,59.99985460112012,63.99939686749333,50.002062683852536,49.99809119556457,40,5,59.99985460112012,63.99939686749333,60,64
461,38.416666666666664,59.99996395918808,63.9996648556779,50.00152994199621,49.99869094800828,40,5,59.99996395918808,63.9996648556779,60,64
462,38.5,60.00003765919553,63.99985937769785,50.001024703282596,49.999227408918856,40,5,60.00003765919553,63.99985937769785,60,64
463,38.583333333333336,60.000083715401544,63.99999471157319,50.000572836954824,49.99968501432945,40,5,60.000083715401544,63.99999471157319,60,64
464,38.666666666666664,60.000108935161144,64.00008348455731,50.00018794177121,50.00005841034764,40,5,60.000108935161144,64.00008348455731,60,64
465,38.75,60.00011896577845,64.00013657320329,49.9998747624093,50.000349284116766,40,5,60.00011896577845,64.00013657320329,60,64
466,38.833333333333336,60.000118384168275,64.00016312173106,49.99963193798402,50.00056387471534,40,5,60.000118384168275,64.00016312173106,60,64
467,38.916666666666664,60.00011081135029,64.00017064056809,49.999454159974626,50.0007110698523,40,5,60.00011081135029,64.00017064056809,60,64
468,39.0,60.00009903821154,64.00016515488817,49.99933382165693,50.00080099498939,40,5,60.00009903821154,64.00016515488817,60,64
469,39.083333333333336,60.000085152684456,64.0001513799558,49.9992622403331,50.000844006711226,40,5,60.000085152684456,64.0001513799558,60,64
470,39.166666666666664,60.000070661527154,64.00013290604394,49.99923052903855,50.00085001011796,40,5,60.000070661527154,64.00013290604394,60,64
471,39.25,60.00005660231819,64.00011238064808,49.99923018742246,50.0008280294621,40,5,60.00005660231819,64.00011238064808,60,64
472,39.333333333333336,60.00004364315878,64.00009167973252,49.999253473252686,50.000785971232666,40,5,60.00004364315878,64.00009167973252,60,64
473,39.416666666666664,60.000032168988284,64.00007206290996,49.99929360728815,50.00073052874907,40,5,60.000032168988284,64.00007206290996,60,64
474,39.5,60.000022354439814,64.00005430987699,49.99934485567981,50.00066718660586,40,5,60.000022354439814,64.00005430987699,60,64
475,39.583333333333336,60.00001422386397,64.00003883722033,49.99940252601698,50.00060029169868,40,5,60.00001422386397,64.00003883722033,60,64
476,39.666666666666664,60.00000769959584,64.00002579597769,49.999462905817474,50.000533164974364,40,5,60.00000769959584,64.00002579597769,60,64
477,39.75,60.00000263979131,64.00001515118475,49.99952316586182,50.000468234359104,40,5,60.00000263979131,64.00001515118475,60,64
478,39.833333333333336,59.99999886726309,64.00000674515655,49.99958124527516,50.000407174613386,40,5,59.99999886726309,64.00000674515655,60,64
479,39.916666666666664,59.99999619074522,64.00000034651586,49.99963573067996,50.00035104416795,40,5,59.99999619074522,64.00000034651586,60,64
480,40.0,59.99999441994198,63.99999568705934,49.999685738017945,50.0003004124141,40,5,59.99999441994198,63.99999568705934,60,64
481,40.083333333333336,59.999993375598045,63.99999248850041,49.99973080267196,50.00025547357475,40,5,59.999993375598045,63.99999248850041,60,64
482,40.166666666666664,59.999992895683896,63.99999048098852,49.99977078122384,50.00021614527458,40,5,59.999992895683896,63.99999048098852,60,64
483,40.25,59.999992838636594,63.999989415113745,49.99980576646925,50.00018215136156,40,5,59.999992838636594,63.999989415113745,60,64
484,40.333333333333336,59.99999308444451,63.999989068888915,49.999836016059966,50.000153089533256,40,5,59.99999308444451,63.999989068888915,60,64
485,40.416666666666664,59.9999935342209,63.99998925097831,49.99986189429139,50.00012848495612,40,5,59.9999935342209,63.99998925097831,60,64
486,40.5,59.99999410878073,63.9999898012253,49.99988382599484,50.00010783144064,40,5,59.99999410878073,63.9999898012253,60,64
487,40.583333333333336,59.999994746620644,63.99999058933081,49.999902261183045,50.00009062189539,40,5,59.999994746620644,63.99999058933081,60,64
488,40.666666666666664,59.99999540160298,63.999991512354605,49.999917648949506,50.00007636980773,40,5,59.99999540160298,63.999991512354605,60,64
489,40.75,59.999996040563175,63.99999249155485,49.999930419110534,50.00006462341696,40,5,59.999996040563175,63.99999249155485,60,64
490,40.833333333333336,59.99999664099241,63.99999346894885,49.9999409701459,50.000054974104906,40,5,59.99999664099241,63.99999346894885,60,64
491,40.916666666666664,59.999997188894405,63.99999440386835,49.999949662122035,50.00004706034806,40,5,59.999997188894405,63.99999440386835,60,64
492,41.0,59.99999767687383,63.9999952696943,49.999956813431105,50.00004056838756,40,5,59.99999767687383,63.9999952696943,60,64
493,41.083333333333336,59.99999810248322,63.999996050886786,49.99996270034962,50.00003523057959,40,5,59.99999810248322,63.999996050886786,60,64
494,41.166666666666664,59.99999846683278,63.999996740372524,49.99996755858625,50.00003082220613,40,5,59.99999846683278,63.999996740372524,60,64
495,41.25,59.99999877345247,63.99999733731362,49.99997158614317,50.000027157364954,40,5,59.99999877345247,63.99999733731362,60,64
496,41.333333333333336,59.9999990273853,63.99999784525321,49.99997494695908,50.000024084409624,40,5,59.9999990273853,63.99999784525321,60,64
497,41.416666666666664,59.99999923448621,63.99999827061534,49.99997777492772,50.00002148129061,40,5,59.99999923448621,63.99999827061534,60,64
498,41.5,59.999999400897465,63.999998621524945,49.999980177990956,50.00001925104136,40,5,59.999999400897465,63.999998621524945,60,64
499,41.583333333333336,59.999999532672255,63.99999890690799,49.999982242095925,50.00001731757453,40,5,59.999999532672255,63.99999890690799,60,64
500,41.666666666666664,59.99999963551898,63.999999135829896,49.999984034874814,50.00001562188612,40,5,59.99999963551898,63.999999135829896,60,64
501,41.75,61.88865253980096,63.99999931703123,48.99998405476128,49.000015638101246,40,5.4,61.88865253980096,63.99999931703123,60,64
502,41.833333333333336,62.562015237873936,63.91355172947923,47.99998408816578,48.00001566575823,40,5.4,62.562015237873936,63.91355172947923,60,64
503,41.916666666666664,62.49826718166697,63.86372277933747,46.99998415972257,47.000015724028515,40,5.4,62.49826718166697,63.86372277933747,60,64
504,42.0,61.98743894422614,63.84572265043076,45.99998446588873,46.0000159324752,40,5.4,61.98743894422614,63.84572265043076,60,64
505,42.083333333333336,61.33681931081937,63.85538765205359,45.30841775608757,45.24807057047999,40,5.4,61.33681931081937,63.85538765205359,60,64
506,42.166666666666664,60.788558740971425,63.88269336639553,44.9894108454518,44.916286349319066,40,5.4,60.788558740971425,63.88269336639553,60,64
507,42.25,60.40602739726,63.913801045919215,44.87500152631619,44.81892779792372,40,5.4,60.40602739726,63.913801045919215,60,64
508,42.333333333333336,60.17327936850624,63.94185983141878,44.85688064494411,44.833952120822865,40,5.4,60.17327936850624,63.94185983141878,60,64
509,42.416666666666664,60.049443675067224,63.964308502601,44.87386283452133,44.890389976185475,40,5.4,60.049443675067224,63.964308502601,60,64
510,42.5,59.99418451581134,63.98088889266044,44.896254302493716,44.95208377886027,40,5.4,59.99418451581134,63.98088889266044,60,64
511,42.583333333333336,59.976783393048926,63.99237442477533,44.912765343635044,45.00383409850017,40,5.4,59.976783393048926,63.99237442477533,60,64
512,42.666666666666664,59.977185783235946,63.99985116725994,44.921414727588136,45.04159538129196,40,5.4,59.977185783235946,63.99985116725994,60,64
513,42.75,59.983896446366884,64.0043658134248,44.92401733849293,45.06638415129552,40,5.4,59.983896446366884,64.0043658134248,60,64
514,42.833333333333336,59.99122273543837,64.00678924307822,44.92327002749513,45.08092358365315,40,5.4,59.99122273543837,64.00678924307822,60,64
515,42.916666666666664,59.99692221834119,64.00779145701732,44.92147115940586,45.08804206977639,40,5.4,59.99692221834119,64.00779145701732,60,64
516,43.0,60.00054341183502,64.0078646324365,44.920141247612584,45.09006785268312,40,5.4,60.00054341183502,64.0078646324365,60,64
517,43.083333333333336,60.00240347938672,64.00736034288848,44.92006672177184,45.08871788241274,40,5.4,60.00240347938672,64.00736034288848,60,64
518,43.166666666666664,60.00303479991378,64.00652532654286,44.92149264913039,45.08518731215354,40,5.4,60.00303479991378,64.00652532654286,60,64
519,43.25,60.002930713706036,64.00553035460683,44.92432825519988,45.080288853854576,40,5.4,60.002930713706036,64.00553035460683,60,64
520,43.333333333333336,60.00245949532909,64.00449164008674,44.92831121207696,45.07457731290536,40,5.4,60.00245949532909,64.00449164008674,60,64
521,43.416666666666664,60.001859986949896,64.00348609802015,44.933119409408555,45.06844033780958,40,5.4,60.001859986949896,64.00348609802015,60,64
522,43.5,60.00126847132084,64.0025621332335,44.93843741182918,45.06215701063562,40,5.4,60.00126847132084,64.0025621332335,60,64
523,43.583333333333336,60.000751152808625,64.00174738091133,44.943990143932766,45.055932705039254,40,5.4,60.000751152808625,64.00174738091133,60,64
524,43.666666666666664,60.000331548210454,64.00105441907593,44.94955560999741,45.049918940344796,40,5.4,60.000331548210454,64.00105441907593,60,64
525,43.75,60.000009993040464,64.00048510939297,44.95496563262012,45.04422489679432,40,5.4,60.000009993040464,64.00048510939297,60,64
526,43.833333333333336,59.99977599519265,64.00003396262792,44.960100618660356,45.03892486283108,40,5.4,59.99977599519265,64.00003396262792,60,64
527,43.916666666666664,59.999615290562396,63.99969076310947,44.96488197869406,45.03406396351555,40,5.4,59.999615290562396,63.99969076310947,60,64
528,44.0,59.99951344585995,63.99944259689032,44.96926417886258,45.02966324256031,40,5.4,59.99951344585995,63.99944259689032,60,64
529,44.083333333333336,59.99945743505124,63.999275383875435,44.97322737987812,45.025724444656895,40,5.4,59.99945743505124,63.999275383875435,60,64
530,44.166666666666664,59.99943614408974,63.99917499416738,44.97677103854625,45.022234501784624,40,5.4,59.99943614408974,63.99917499416738,60,64
531,44.25,59.99944037525097,63.99912801979349,44.97990855002249,45.019169612579034,40,5.4,59.99944037525097,63.99912801979349,60,64
532,44.333333333333336,59.99946265826504,63.99912226737069,44.98266287414905,45.01649880484979,40,5.4,59.99946265826504,63.99912226737069,60,64
533,44.416666666666664,59.99949701424177,63.999147031725414,44.98506303888751,45.014186917406725,40,5.4,59.99949701424177,63.999147031725414,60,64
534,44.5,59.99953873051754,63.99919320396455,44.98714140288607,45.012196990296815,40,5.4,59.99953873051754,63.99919320396455,60,64
535,44.583333333333336,59.999584162504064,63.999253260086974,44.988931563979904,45.010492095424084,40,5.4,59.999584162504064,63.999253260086974,60,64
536,44.666666666666664,59.99963056199047,63.99932116844994,44.99046681006446,45.0090366674758,40,5.4,59.99963056199047,63.99932116844994,60,64
537,44.75,59.99967592703655,63.99939224681162,44.99177901909989,45.007797409211065,40,5.4,59.99967592703655,63.99939224681162,60,64
538,44.833333333333336,59.99971886915609,63.99946299268271,44.99289792489484,45.00674384873717,40,5.4,59.99971886915609,63.99946299268271,60,64
539,44.916666666666664,59.999758495234076,63.99953090459323,44.993850674712995,45.0058486229516,40,5.4,59.999758495234076,63.99953090459323,60,64
540,45.0,59.99979430305913,63.999594306723516,44.99466161386206,45.00508755382049,40,5.4,59.99979430305913,63.999594306723516,60,64
541,45.083333333333336,59.99982609010787,63.999652185162255,44.99535224131521,45.00443957477704,40,5.4,59.99982609010787,63.999652185162255,60,64
542,45.166666666666664,59.999853875390826,63.999704040769416,44.995941289039536,45.003886554693885,40,5.4,59.999853875390826,63.999704040769416,60,64
543,45.25,59.99987783399461,63.99974976113247,44.99644488589682,45.003413057504055,40,5.4,59.99987783399461,63.99974976113247,60,64
544,45.333333333333336,59.999898243640075,63.99978951228873,44.9968767745815,45.003006067064746,40,5.4,59.999898243640075,63.99978951228873,60,64
545,45.416666666666664,59.99991544226776,63.999823649624254,44.99724855689741,45.00265469952014,40,5.4,59.99991544226776,63.999823649624254,60,64
546,45.5,59.99992979543165,63.99985264653765,44.99756994867226,45.002349919242405,40,5.4,59.99992979543165,63.99985264653765,60,64
547,45.583333333333336,59.99994167215735,63.99987703897527,44.99784903071326,45.00208426938622,40,5.4,59.99994167215735,63.99987703897527,60,64
548,45.666666666666664,59.999951427894175,63.999897383718064,44.99809248643643,45.00185162407144,40,5.4,59.999951427894175,63.999897383718064,60,64
549,45.75,59.999959393242655,63.999914228257644,44.998305820207975,45.00164696609228,40,5.4,59.999959393242655,63.999914228257644,60,64
550,45.833333333333336,59.999965867246814,63.99992809018395,44.99849355309811,45.00146619171168,40,5.4,59.999965867246814,63.99992809018395,60,64
551,45.916666666666664,59.99997111418018,63.999939444172405,44.998659394760026,45.0013059424014,40,5.4,59.99997111418018,63.999939444172405,60,64
552,46.0,59.999975362908145,63.99994871487113,44.998806391601896,45.00116346222665,40,5.4,59.999975362908145,63.99994871487113,60,64
553,46.083333333333336,59.999978808064476,63.99995627422145,44.99893705243047,45.00103647882374,40,5.4,59.999978808064476,63.99995627422145,60,64
554,46.166666666666664,59.999981612425465,63.999962441979655,44.99905345338345,45.00092310550202,40,5.4,59.999981612425465,63.999962441979655,60,64
555,46.25,59.99998390999788,63.99996748843193,44.999157324329104,45.00082176182441,40,5.4,59.99998390999788,63.99996748843193,60,64
556,46.333333333333336,59.99998580945242,63.99997163849875,44.999250119057365,45.00073111002648,40,5.4,59.99998580945242,63.99997163849875,60,64
557,46.416666666666664,59.99998739763207,63.99997507660654,44.99933307157949,45.00065000475643,40,5.4,59.99998739763207,63.99997507660654,60,64
558,46.5,59.9999887429458,63.99997795185987,44.99940724074128,45.00057745382358,40,5.4,59.9999887429458,63.99997795185987,60,64
559,46.583333333333336,59.99998989852289,63.99998038317803,44.99947354517124,45.000512587892224,40,5.4,59.99998989852289,63.99998038317803,60,64
560,46.666666666666664,59.999990905054055,63.99998246416602,44.9995327903748,45.00045463731828,40,5.4,59.999990905054055,63.99998246416602,60,64
561,46.75,59.99999179328368,63.99998426757469,44.99958568954305,45.0004029145975,40,5.4,59.99999179328368,63.99998426757469,60,64
562,46.833333333333336,59.99999258614591,63.99998584927003,44.99963287941744,45.00035680114638,40,5.4,59.99999258614591,63.99998584927003,60,64
563,46.916666666666664,59.99999330055675,63.999987251680146,44.99967493233095,45.0003157373637,40,5.4,59.99999330055675,63.999987251680146,60,64
564,47.0,59.99999394888739,63.9999885067239,44.99971236534069,45.00027921513464,40,5.4,59.99999394888739,63.9999885067239,60,64
565,47.083333333333336,59.99999454015119,63.99998963824869,44.99974564718983,45.0002467721115,40,5.4,59.99999454015119,63.99998963824869,60,64
566,47.166666666666664,59.999995080940636,63.99999066401999,44.9997752036775,45.000217987263035,40,5.4,59.999995080940636,63.99999066401999,60,64
567,47.25,59.999995576151036,63.9999915973134,44.99980142188791,45.00019247730358,40,5.4,59.999995576151036,63.9999915973134,60,64
568,47.333333333333336,59.99999602952639,63.99999244816309,44.999824653613665,45.00016989372262,40,5.4,59.99999602952639,63.99999244816309,60,64
569,47.416666666666664,59.999996444060116,63.999993224319915,44.999845218224294,45.000149920211285,40,5.4,59.999996444060116,63.999993224319915,60,64
570,47.5,59.99999682227996,63.999993931969406,44.99986340516009,45.00013227034585,40,5.4,59.99999682227996,63.999993931969406,60,64
571,47.583333333333336,59.999997166442526,63.99999457625567,44.99987947617133,45.00011668544041,40,5.4,59.999997166442526,63.99999457625567,60,64
572,47.666666666666664,59.999997478659026,63.99999516165139,44.999893667385834,45.00010293251229,40,5.4,59.999997478659026,63.99999516165139,60,64
573,47.75,59.99999776097019,63.99999569220881,44.99990619125854,45.000090802326696,40,5.4,59.99999776097019,63.99999569220881,60,64
574,47.833333333333336,59.99999801538486,63.99999617172108,44.999917238426754,45.00008010751247,40,5.4,59.99999801538486,63.99999617172108,60,64
575,47.916666666666664,59.99999824389374,63.9999966038178,44.99992697948864,45.00007068074268,40,5.4,59.99999824389374,63.9999966038178,60,64
576,48.0,59.99999844846726,63.9999969920142,44.999935566708906,45.000062372984566,40,5.4,59.99999844846726,63.9999969920142,60,64
577,48.083333333333336,59.99999863104399,63.99999733972908,44.99994313564614,45.00005505182868,40,5.4,59.99999863104399,63.99999733972908,60,64
578,48.166666666666664,59.999998793514926,63.999997650283056,44.99994980670264,45.00004859990216,40,5.4,59.999998793514926,63.999997650283056,60,64
579,48.25,59.999998937706486,63.99999792688566,44.99995568658876,45.00004291337272,40,5.4,59.999998937706486,63.99999792688566,60,64
580,48.333333333333336,59.99999906536467,63.99999817261763,44.9999608696944,45.00003790055387,40,5.4,59.99999906536467,63.99999817261763,60,64
581,48.416666666666664,58.111346300890986,63.99999839041235,45.99996084980807,46.00003788433861,40,5,58.111346300890986,63.99999839041235,60,64
582,48.5,57.437983687616025,64.08644609266302,46.999960816403814,47.00003785668139,40,5,57.437983687616025,64.08644609266302,60,64
583,48.583333333333336,57.50173179525562,64.1362749367341,47.99996074484782,48.00003779841042,40,5,57.50173179525562,64.1362749367341,60,64
584,48.666666666666664,58.01256006389302,64.15427479099444,48.99996043869234,49.00003758995773,40,5,58.01256006389302,64.15427479099444,60,64
585,48.75,58.663179503024395,64.14460938884409,49.69153581671269,49.75197338066861,40,5,58.663179503024395,64.14460938884409,60,64
586,48.833333333333336,59.21143988304304,64.11730353135954,50.010550333895544,50.08374969032298,40,5,59.21143988304304,64.11730353135954,60,64
587,48.916666666666664,59.593971127989334,64.08619589073119,50.12496620923456,50.18110175486451,40,5,59.593971127989334,64.08619589073119,60,64
588,49.0,59.82671916026834,64.05813726636329,50.14309264688484,50.166072144362616,40,5,59.82671916026834,64.05813726636329,60,64
589,49.083333333333336,59.950554938432205,64.03568883233584,50.12611509622767,50.10962999990251,40,5,59.950554938432205,64.03568883233584,60,64
590,49.166666666666664,60.005814234107625,64.01910872060111,50.103727452216845,50.04793273344381,40,5,60.005814234107625,64.01910872060111,60,64
591,49.25,60.02321551831114,64.00762348238368,50.0872195304162,49.996179627816076,40,5,60.02321551831114,64.00762348238368,60,64
592,49.333333333333336,60.022813294649126,64.00014703118674,50.07857267027234,49.958416111818046,40,5,60.022813294649126,64.00014703118674,60,64
593,49.416666666666664,60.016102790136365,63.995632661373776,50.07597208940704,49.933625555824754,40,5,60.016102790136365,63.995632661373776,60,64
594,49.5,60.008776644451466,63.99320948536648,50.076721027708494,49.91908469600877,40,5,60.008776644451466,63.99320948536648,60,64
595,49.583333333333336,60.00307728643457,63.992207498075494,50.07852119926178,49.911965067033584,40,5,60.00307728643457,63.992207498075494,60,64
596,49.666666666666664,59.99945619868935,63.99213452060317,50.07985215735817,49.909938364904704,40,5,59.99945619868935,63.99213452060317,60,64
597,49.75,59.997596218667844,63.99263897955608,50.079927527526614,49.911287589925095,40,5,59.997596218667844,63.99263897955608,60,64
598,49.833333333333336,59.99696496918795,63.9934741382005,50.078502287367485,49.91481754904927,40,5,59.99696496918795,63.9934741382005,60,64
599,49.916666666666664,59.997069112039895,63.99446922757747,50.07566724721137,49.91971549883841,40,5,59.997069112039895,63.99446922757747,60,64
600,50.0,59.9975403748,63.99550803738195,50.07168476315131,49.925426609442,40,5,59.9975403748,63.99550803738195,60,64
601,50.083333333333336,59.99813991734605,63.99651365546081,50.066876967363825,49.931563213691135,40,5,59.99813991734605,63.99651365546081,60,64
602,50.166666666666664,59.99873145879093,63.997437679859935,50.06155931184122,49.937846215538336,40,5,59.99873145879093,63.997437679859935,60,64
603,50.25,59.99924879641738,63.998252478121096,50.05600688445,49.944070231061986,40,5,59.99924879641738,63.998252478121096,60,64
604,50.333333333333336,59.99966841485221,63.998945474717196,50.050441690092455,49.95008373355149,40,5,59.99966841485221,63.998945474717196,60,64
605,50.416666666666664,59.99998997978546,63.9995148101995,50.045031912819034,49.95577753755959,40,5,59.99998997978546,63.9995148101995,60,64
606,50.5,60.00022398432206,63.99996597572245,50.03989715050241,49.961077351048374,40,5,60.00022398432206,63.99996597572245,60,64
607,50.583333333333336,60.0003846933795,64.00030918858211,50.03511599588424,49.965938046516605,40,5,60.0003846933795,64.00030918858211,60,64
608,50.666666666666664,60.00048654089592,64.00055736407104,50.03073398512272,49.9703385786102,40,5,60.00048654089592,64.00055736407104,60,64
609,50.75,60.00054255341152,64.00072458337465,50.02677095909797,49.97427720152338,40,5,60.00054255341152,64.00072458337465,60,64
610,50.833333333333336,60.00056384535853,64.0008249772551,50.0232274621234,49.97776698249126,40,5,60.00056384535853,64.0008249772551,60,64
611,50.916666666666664,60.000559614747274,64.00087195435535,50.0200900998627,49.98083172227899,40,5,60.000559614747274,64.00087195435535,60,64
612,51.0,60.00053733205248,64.00087770856496,50.01733591311932,49.983502392564446,40,5,60.00053733205248,64.00087770856496,60,64
613,51.083333333333336,60.000502976304865,64.00085294542932,50.01493587448769,49.98581415405091,40,5,60.000502976304865,64.00085294542932,60,64
614,51.166666666666664,60.00046126025883,64.000806774105,50.01285762584368,49.98780396619078,40,5,60.00046126025883,64.000806774105,60,64
615,51.25,60.000415828556,64.00074671877151,50.01106756987434,49.98950875655045,40,5,60.000415828556,64.00074671877151,60,64
616,51.333333333333336,60.00036942943335,64.00067881118474,50.009532419224286,49.99096408987621,40,5,60.00036942943335,64.00067881118474,60,64
617,51.416666666666664,60.000324064838075,64.00060773365121,50.0082202964958,49.992203262808964,40,5,60.000324064838075,64.00060773365121,60,64
618,51.5,60.00028112325081,64.00053698869007,50.00710146846339,49.99325674661676,40,5,60.00028112325081,64.00053698869007,60,64
619,51.583333333333336,60.00024149777344,64.00046907777725,50.00614878846218,49.99415190376198,40,5,60.00024149777344,64.00046907777725,60,64
620,51.666666666666664,60.00020569060024,64.00040567672299,50.00533791178795,49.99491291163637,40,5,60.00020569060024,64.00040567672299,60,64
621,51.75,60.000173904236334,64.00034779942014,50.00464734006879,49.9955608361719,40,5,60.000173904236334,64.00034779942014,60,64
622,51.833333333333336,60.00014611965345,64.00029594498608,50.004058341927916,49.99611380787758,40,5,60.00014611965345,64.00029594498608,60,64
623,51.916666666666664,60.000122161748905,64.00025022580974,50.00355478907338,49.996587262227884,40,5,60.000122161748905,64.00025022580974,60,64
624,52.0,60.00010175278815,64.00021047583155,50.00312293935565,49.9969942148041,40,5,60.00010175278815,64.00021047583155,60,64
625,52.083333333333336,60.000084554819594,64.00017633964585,50.00275119148487,49.99734554893643,40,5,60.000084554819594,64.00017633964585,60,64
626,52.166666666666664,60.00007020228082,64.00014734383781,50.00242983011192,49.99765029976668,40,5,60.00007020228082,64.00014734383781,60,64
627,52.25,60.00005832614025,64.00012295244846,50.002150774872945,49.99791592369335,40,5,60.00005832614025,64.00012295244846,60,64
628,52.333333333333336,60.00004857094485,64.00010260868784,50.001907342757434,49.998148546190585,40,5,60.00004857094485,64.00010260868784,60,64
629,52.416666666666664,60.000040606092305,64.00008576505853,50.001694029768494,49.9983531840968,40,5,60.000040606092305,64.00008576505853,60,64
630,52.5,60.00003413253826,64.00007190396771,50.00150631516807,49.998533940820174,40,5,60.00003413253826,64.00007190396771,60,64
631,52.583333333333336,60.00002888601017,64.00006055073945,50.001340489601475,49.99869417459538,40,5,60.00002888601017,64.00006055073945,60,64
632,52.666666666666664,60.00002463764453,64.00005128072704,50.001193506926576,49.9988366410967,40,5,60.00002463764453,64.00005128072704,60,64
633,52.75,60.0000211928101,64.00004372199209,50.00106285857204,49.99896361245822,40,5,60.0000211928101,64.00004372199209,60,64
634,52.833333333333336,60.0000183887336,64.00003755478227,50.00094646860842,49.999076975168585,40,5,60.0000183887336,64.00003755478227,60,64
635,52.916666666666664,60.000016091411425,64.00003250881609,50.00084260735064,49.9991783094874,40,5,60.000016091411425,64.00003250881609,60,64
636,53.0,60.000014192176145,64.00002835917816,50.00074982116914,49.999268953024426,40,5,60.000014192176145,64.00002835917816,60,64
637,53.083333333333336,60.000012604187994,64.0000249214473,50.000666876192795,49.99935005099651,40,5,60.000012604187994,64.0000249214473,60,64
638,53.166666666666664,60.00001125904112,64.00002204652417,50.0005927137001,49.99942259547509,40,5,60.00001125904112,64.00002204652417,60,64
639,53.25,60.00001010360915,64.00001961549452,50.000526415168245,49.99948745569432,40,5,60.00001010360915,64.00001961549452,60,64
640,53.333333333333336,60.00000909720406,64.00001753475816,50.00046717518547,49.999545401208685,40,5,60.00000909720406,64.00001753475816,60,64
641,53.416666666666664,60.00000820908393,64.00001573156864,50.000414280642886,49.9995971194437,40,5,60.00000820908393,64.00001573156864,60,64
642,53.5,60.00000741631681,64.00001415006406,50.00036709486883,49.999643228916064,40,5,60.00000741631681,64.00001415006406,60,64
643,53.583333333333336,60.000006701988625,64.00001274781997,50.000325045593044,49.99968428916678,40,5,60.000006701988625,64.00001274781997,60,64
644,53.666666666666664,60.0000060537299,64.00001149292075,50.00028761581183,49.999720808259596,40,5,60.0000060537299,64.00001149292075,60,64
645,53.75,60.00000546252877,64.0000103615219,50.00025433682975,49.999753248496376,40,5,60.00000546252877,64.0000103615219,60,64
646,53.833333333333336,60.000004921794066,64.00000933586048,50.00022478288914,49.99978203086864,40,5,60.000004921794066,64.00000933586048,60,64
647,53.916666666666664,60.00000442663158,64.00000840266308,50.00019856694197,49.99980753862715,40,5,60.00000442663158,64.00000840266308,60,64
648,54.0,60.00000397329823,64.00000755189744,50.000175337228455,49.999830120250714,40,5,60.00000397329823,64.00000755189744,60,64
649,54.083333333333336,60.000003558801446,64.00000677581436,50.00015477440626,49.99985009202216,40,5,60.000003558801446,64.00000677581436,60,64
650,54.166666666666664,60.000003180614165,64.00000606822968,50.00013658906043,49.99986774034065,40,5,60.000003180614165,64.00000606822968,60,64
651,54.25,60.00000283648035,64.0000054240005,50.00012051946301,49.999883323870414,40,5,60.00000283648035,64.0000054240005,60,64
652,54.333333333333336,60.00000252428931,64.0000048386552,50.000106329504945,49.99989707557606,40,5,60.00000252428931,64.0000048386552,60,64
653,54.416666666666664,60.00000224200071,64.00000430814235,50.0000938067491,49.99990920467498,40,5,60.00000224200071,64.00000430814235,60,64
654,54.5,60.00000198760608,64.00000382866956,50.00008276057401,49.999919898523,40,5,60.00000198760608,64.00000382866956,60,64
655,54.583333333333336,60.00000175911501,64.0000033966079,50.00007302039423,49.999929324434625,40,5,60.00000175911501,64.0000033966079,60,64
656,54.666666666666664,60.000001554557365,64.00000300844263,50.00006443395794,49.999937631430235,40,5,60.000001554557365,64.00000300844263,60,64
657,54.75,60.00000137199478,64.00000266075546,50.00005686571722,49.99994495190872,40,5,60.00000137199478,64.00000266075546,60,64
658,54.833333333333336,60.00000120953645,64.00000235022614,50.00005019527914,49.99995140323392,40,5,60.00000120953645,64.00000235022614,60,64
659,54.916666666666664,60.000001065356145,64.0000020736455,50.000044315942354,49.99995708922929,40,5,60.000001065356145,64.0000020736455,60,64
660,55.0,60.000000937707995,64.00000182793312,50.00003913332439,49.999962101574035,40,5,60.000000937707995,64.00000182793312,60,64
